Week,Tank,trophic.level,species,size,invTi,invTT
4,2,PZN,cyclopoid,0.357,39.59599,39.63547
5,2,PZN,cyclopoid,0.612,39.42086,39.63547
5,2,PZN,cyclopoid,0.646,39.42086,39.63547
5,2,PZN,cyclopoid,0.408,39.42086,39.63547
5,2,PZN,cyclopoid,0.51,39.42086,39.63547
5,2,PZN,cyclopoid,0.697,39.42086,39.63547
5,2,PZN,cyclopoid,0.612,39.42086,39.63547
5,2,PZN,cyclopoid,0.442,39.42086,39.63547
5,2,PZN,cyclopoid,0.544,39.42086,39.63547
5,2,PZN,cyclopoid,0.493,39.42086,39.63547
5,2,PZN,cyclopoid,0.425,39.42086,39.63547
6,2,PZN,cyclopoid,0.561,39.70063,39.63547
6,2,PZN,cyclopoid,0.646,39.70063,39.63547
6,2,PZN,cyclopoid,0.765,39.70063,39.63547
6,2,PZN,cyclopoid,0.544,39.70063,39.63547
6,2,PZN,cyclopoid,0.459,39.70063,39.63547
6,2,PZN,cyclopoid,0.476,39.70063,39.63547
6,2,PZN,cyclopoid,0.476,39.70063,39.63547
6,2,PZN,cyclopoid,0.493,39.70063,39.63547
6,2,PZN,cyclopoid,0.51,39.70063,39.63547
6,2,PZN,cyclopoid,0.646,39.70063,39.63547
6,2,PZN,cyclopoid,0.578,39.70063,39.63547
8,2,PZN,cyclopoid,0.629,40.09579,39.63547
8,2,PZN,cyclopoid,0.442,40.09579,39.63547
8,2,PZN,cyclopoid,0.442,40.09579,39.63547
8,2,PZN,cyclopoid,0.425,40.09579,39.63547
8,2,PZN,cyclopoid,0.493,40.09579,39.63547
8,2,PZN,cyclopoid,0.408,40.09579,39.63547
8,2,PZN,cyclopoid,0.595,40.09579,39.63547
8,2,PZN,cyclopoid,0.646,40.09579,39.63547
8,2,PZN,cyclopoid,0.646,40.09579,39.63547
9,2,PZN,cyclopoid,0.595,40.15872,39.63547
9,2,PZN,cyclopoid,0.578,40.15872,39.63547
9,2,PZN,cyclopoid,0.51,40.15872,39.63547
9,2,PZN,cyclopoid,0.493,40.15872,39.63547
9,2,PZN,Daphnia,0.765,40.15872,39.63547
9,2,PZN,Daphnia,1.037,40.15872,39.63547
9,2,PZN,Daphnia,1.904,40.15872,39.63547
6,4,PZN,cyclopoid,0.476,39.36463,39.30056
6,4,PZN,cyclopoid,0.527,39.75309,39.30056
8,4,PZN,cyclopoid,0.663,39.75309,39.30056
8,4,PZN,cyclopoid,0.425,39.75309,39.30056
8,4,PZN,cyclopoid,0.646,39.75309,39.30056
8,4,PZN,cyclopoid,0.408,39.75309,39.30056
8,4,PZN,cyclopoid,0.459,39.75309,39.30056
8,4,PZN,cyclopoid,0.527,39.75309,39.30056
8,4,PZN,cyclopoid,0.442,39.75309,39.30056
8,4,PZN,cyclopoid,0.425,39.75309,39.30056
8,4,PZN,cyclopoid,0.408,39.75309,39.30056
8,4,PZN,cyclopoid,0.425,39.75309,39.30056
8,4,PZN,cyclopoid,0.442,39.75309,39.30056
8,4,PZN,cyclopoid,0.493,39.75309,39.30056
8,4,PZN,cyclopoid,0.646,39.75309,39.30056
8,4,PZN,cyclopoid,0.34,39.75309,39.30056
8,4,PZN,cyclopoid,0.544,39.75309,39.30056
9,4,PZN,cyclopoid,0.425,39.81495,39.30056
9,4,PZN,cyclopoid,0.612,39.81495,39.30056
9,4,PZN,cyclopoid,0.527,39.81495,39.30056
9,4,PZN,cyclopoid,0.612,39.81495,39.30056
9,4,PZN,cyclopoid,0.527,39.81495,39.30056
9,4,PZN,cyclopoid,0.527,39.81495,39.30056
9,4,PZN,cyclopoid,0.561,39.81495,39.30056
9,4,PZN,cyclopoid,0.544,39.81495,39.30056
9,4,PZN,cyclopoid,0.578,39.81495,39.30056
9,4,PZN,cyclopoid,0.595,39.81495,39.30056
9,4,PZN,cyclopoid,0.544,39.81495,39.30056
9,4,PZN,cyclopoid,0.578,39.81495,39.30056
9,4,PZN,cyclopoid,0.578,39.81495,39.30056
9,4,PZN,cyclopoid,0.544,39.81495,39.30056
9,4,PZN,cyclopoid,0.561,39.81495,39.30056
9,4,PZN,cyclopoid,0.561,39.81495,39.30056
8,5,PZN,cyclopoid,0.595,40.09496,39.63466
8,5,PZN,cyclopoid,0.357,40.09496,39.63466
8,5,PZN,cyclopoid,0.476,40.09496,39.63466
8,5,PZN,cyclopoid,0.629,40.09496,39.63466
8,5,PZN,cyclopoid,0.629,40.09496,39.63466
8,5,PZN,cyclopoid,0.612,40.09496,39.63466
8,5,PZN,cyclopoid,0.561,40.09496,39.63466
8,5,PZN,cyclopoid,0.544,40.09496,39.63466
9,5,PZN,cyclopoid,0.51,40.15788,39.63466
9,5,PZN,cyclopoid,0.612,40.15788,39.63466
9,5,PZN,cyclopoid,0.646,40.15788,39.63466
9,5,PZN,cyclopoid,0.629,40.15788,39.63466
9,5,PZN,cyclopoid,0.476,40.15788,39.63466
9,5,PZN,cyclopoid,0.544,40.15788,39.63466
9,5,PZN,cyclopoid,0.476,40.15788,39.63466
9,5,PZN,cyclopoid,0.68,40.15788,39.63466
9,5,PZN,cyclopoid,0.493,40.15788,39.63466
9,5,PZN,cyclopoid,0.527,40.15788,39.63466
9,5,PZN,cyclopoid,0.561,40.15788,39.63466
9,5,PZN,cyclopoid,0.476,40.15788,39.63466
9,5,PZN,cyclopoid,0.595,40.15788,39.63466
9,5,PZN,cyclopoid,0.51,40.15788,39.63466
9,5,PZN,cyclopoid,0.527,40.15788,39.63466
9,5,PZN,cyclopoid,0.544,40.15788,39.63466
8,7,PZN,Copepod,0.476,39.6607,39.21026
8,7,PZN,cyclopoid,0.493,39.6607,39.21026
8,7,PZN,cyclopoid,0.646,39.6607,39.21026
9,7,PZN,cyclopoid,0.629,39.72227,39.21026
9,7,PZN,Daphnia,0.357,39.72227,39.21026
9,11,PZ,cyclopoid,0.629,40.06506,39.60107
9,11,PZ,cyclopoid,0.561,40.06506,39.60107
9,11,PZ,cyclopoid,0.612,40.06506,39.60107
9,11,PZ,Daphnia,1.36,40.06506,39.60107
9,11,PZ,Daphnia,0.952,40.06506,39.60107
9,11,PZ,Daphnia,1.394,40.06506,39.60107
9,11,PZ,Daphnia,0.782,40.06506,39.60107
9,11,PZ,Daphnia,1.394,40.06506,39.60107
9,11,PZ,Daphnia,1.241,40.06506,39.60107
9,11,PZ,Daphnia,1.054,40.06506,39.60107
9,11,PZ,Daphnia,1.36,40.06506,39.60107
9,11,PZ,Daphnia,1.36,40.06506,39.60107
9,11,PZ,Daphnia,1.054,40.06506,39.60107
9,11,PZ,Daphnia,1.037,40.06506,39.60107
9,11,PZ,Daphnia,1.292,40.06506,39.60107
9,11,PZ,Daphnia,0.595,40.06506,39.60107
9,11,PZ,Daphnia,1.734,40.06506,39.60107
9,11,PZ,Daphnia,0.697,40.06506,39.60107
4,12,PZ,cyclopoid,0.595,39.26952,39.33329
4,12,PZ,cyclopoid,0.544,39.26952,39.33329
4,12,PZ,cyclopoid,0.663,39.26952,39.33329
4,12,PZ,Daphnia,0.986,39.26952,39.33329
4,12,PZ,Daphnia,0.935,39.26952,39.33329
4,12,PZ,Daphnia,1.36,39.26952,39.33329
4,12,PZ,Daphnia,0.51,39.26952,39.33329
4,12,PZ,Daphnia,0.544,39.26952,39.33329
4,12,PZ,Daphnia,0.51,39.26952,39.33329
4,12,PZ,Daphnia,0.646,39.26952,39.33329
4,12,PZ,Daphnia,0.629,39.26952,39.33329
4,12,PZ,Daphnia,0.51,39.26952,39.33329
4,12,PZ,Daphnia,0.697,39.26952,39.33329
4,12,PZ,Daphnia,0.697,39.26952,39.33329
8,12,PZ,cyclopoid,0.544,39.76027,39.33329
9,12,PZ,cyclopoid,0.527,39.79099,39.33329
9,12,PZ,cyclopoid,0.595,39.79099,39.33329
9,12,PZ,cyclopoid,0.493,39.79099,39.33329
9,12,PZ,cyclopoid,0.527,39.79099,39.33329
9,12,PZ,cyclopoid,0.493,39.79099,39.33329
9,12,PZ,cyclopoid,0.425,39.79099,39.33329
9,12,PZ,cyclopoid,0.51,39.79099,39.33329
9,12,PZ,cyclopoid,0.51,39.79099,39.33329
9,12,PZ,cyclopoid,0.595,39.79099,39.33329
9,12,PZ,cyclopoid,0.51,39.79099,39.33329
9,12,PZ,cyclopoid,0.459,39.79099,39.33329
9,12,PZ,cyclopoid,0.459,39.79099,39.33329
9,12,PZ,Daphnia,0.765,39.79099,39.33329
4,13,PZ,Daphnia,1.445,39.29372,39.35757
4,13,PZ,Daphnia,0.68,39.29372,39.35757
4,13,PZ,Daphnia,0.527,39.29372,39.35757
4,13,PZ,Daphnia,0.816,39.29372,39.35757
4,13,PZ,Daphnia,0.765,39.29372,39.35757
4,13,PZ,Daphnia,0.782,39.29372,39.35757
4,13,PZ,Daphnia,0.629,39.29372,39.35757
4,13,PZ,Daphnia,0.765,39.29372,39.35757
4,13,PZ,Daphnia,1.241,39.29372,39.35757
4,13,PZ,Daphnia,0.714,39.29372,39.35757
4,13,PZ,Daphnia,0.714,39.29372,39.35757
4,13,PZ,Daphnia,1.003,39.29372,39.35757
4,13,PZ,Daphnia,0.765,39.29372,39.35757
4,13,PZ,Daphnia,0.561,39.29372,39.35757
4,13,PZ,Daphnia,0.646,39.29372,39.35757
4,13,PZ,Daphnia,0.68,39.29372,39.35757
4,13,PZ,Daphnia,0.561,39.29372,39.35757
4,13,PZ,Daphnia,0.68,39.29372,39.35757
4,13,PZ,Daphnia,0.748,39.29372,39.35757
4,13,PZ,Daphnia,0.85,39.29372,39.35757
4,13,PZ,Daphnia,0.697,39.29372,39.35757
4,13,PZ,Daphnia,0.527,39.29372,39.35757
4,13,PZ,Daphnia,0.799,39.29372,39.35757
4,13,PZ,Daphnia,1.36,39.29372,39.35757
4,13,PZ,Daphnia,0.595,39.29372,39.35757
4,13,PZ,Daphnia,1.19,39.29372,39.35757
4,13,PZ,Daphnia,0.68,39.29372,39.35757
4,13,PZ,Daphnia,0.697,39.29372,39.35757
4,13,PZ,Daphnia,0.765,39.29372,39.35757
4,13,PZ,Daphnia,0.901,39.29372,39.35757
4,13,PZ,Daphnia,0.629,39.29372,39.35757
4,13,PZ,Daphnia,0.748,39.29372,39.35757
4,13,PZ,Daphnia,0.68,39.29372,39.35757
4,13,PZ,Daphnia,0.68,39.29372,39.35757
4,13,PZ,Daphnia,1.326,39.29372,39.35757
4,13,PZ,Daphnia,0.612,39.29372,39.35757
4,13,PZ,Daphnia,0.816,39.29372,39.35757
4,13,PZ,Daphnia,0.986,39.29372,39.35757
4,13,PZ,Daphnia,0.748,39.29372,39.35757
4,13,PZ,Daphnia,0.544,39.29372,39.35757
4,13,PZ,Daphnia,0.68,39.29372,39.35757
4,13,PZ,Daphnia,1.428,39.29372,39.35757
4,13,PZ,Daphnia,0.765,39.29372,39.35757
4,13,PZ,Daphnia,0.85,39.29372,39.35757
4,13,PZ,Daphnia,0.765,39.29372,39.35757
4,13,PZ,Daphnia,0.901,39.29372,39.35757
4,13,PZ,Daphnia,0.901,39.29372,39.35757
4,13,PZ,Daphnia,0.595,39.29372,39.35757
4,13,PZ,Daphnia,0.68,39.29372,39.35757
8,13,PZ,cyclopoid,0.51,39.78508,39.35757
8,13,PZ,cyclopoid,0.459,39.78508,39.35757
9,13,PZ,cyclopoid,0.425,39.78508,39.35757
8,16,PZN,cyclopoid,0.51,40.01353,39.55509
9,16,PZN,cyclopoid,0.561,40.01353,39.55509
6,18,PZN,cyclopoid,0.561,38.99386,38.931
6,18,PZN,cyclopoid,0.476,38.99386,38.931
8,18,PZN,cyclopoid,0.544,39.37501,38.931
8,18,PZN,cyclopoid,0.612,39.37501,38.931
8,18,PZN,cyclopoid,0.544,39.37501,38.931
8,18,PZN,cyclopoid,0.663,39.37501,38.931
8,18,PZN,cyclopoid,0.527,39.37501,38.931
8,18,PZN,cyclopoid,0.595,39.37501,38.931
8,18,PZN,cyclopoid,0.544,39.37501,38.931
8,18,PZN,cyclopoid,0.646,39.37501,38.931
8,18,PZN,cyclopoid,0.595,39.37501,38.931
8,18,PZN,cyclopoid,0.51,39.37501,38.931
8,18,PZN,cyclopoid,0.51,39.37501,38.931
8,18,PZN,cyclopoid,0.629,39.37501,38.931
8,18,PZN,cyclopoid,0.51,39.37501,38.931
8,18,PZN,cyclopoid,0.476,39.37501,38.931
8,18,PZN,cyclopoid,0.561,39.37501,38.931
8,18,PZN,cyclopoid,0.612,39.37501,38.931
8,18,PZN,cyclopoid,0.391,39.37501,38.931
8,18,PZN,cyclopoid,0.51,39.37501,38.931
8,18,PZN,cyclopoid,0.578,39.37501,38.931
8,18,PZN,cyclopoid,0.612,39.37501,38.931
8,18,PZN,cyclopoid,0.391,39.37501,38.931
8,18,PZN,cyclopoid,0.544,39.37501,38.931
8,18,PZN,Daphnia,0.442,39.37501,38.931
8,18,PZN,Daphnia,0.544,39.37501,38.931
9,18,PZN,cyclopoid,0.527,39.43569,38.931
9,18,PZN,cyclopoid,0.578,39.43569,38.931
9,18,PZN,cyclopoid,0.578,39.43569,38.931
9,18,PZN,cyclopoid,0.51,39.43569,38.931
9,18,PZN,cyclopoid,0.561,39.43569,38.931
9,18,PZN,Daphnia,0.816,39.43569,38.931
9,18,PZN,Daphnia,0.561,39.43569,38.931
9,18,PZN,Daphnia,0.425,39.43569,38.931
9,18,PZN,Daphnia,0.629,39.43569,38.931
9,18,PZN,Daphnia,0.51,39.43569,38.931
9,18,PZN,Daphnia,0.476,39.43569,38.931
9,18,PZN,Daphnia,1.071,39.43569,38.931
4,19,PZ,cyclopoid,0.561,39.39858,39.46277
4,19,PZ,Daphnia,0.51,39.39858,39.46277
4,19,PZ,Daphnia,1.53,39.39858,39.46277
4,19,PZ,Daphnia,0.646,39.39858,39.46277
4,19,PZ,Daphnia,0.629,39.39858,39.46277
4,19,PZ,Daphnia,0.714,39.39858,39.46277
4,19,PZ,Daphnia,0.935,39.39858,39.46277
5,19,PZ,cyclopoid,0.527,39.31814,39.46277
5,19,PZ,cyclopoid,0.629,39.31814,39.46277
5,19,PZ,cyclopoid,0.374,39.31814,39.46277
6,19,PZ,cyclopoid,0.765,39.47457,39.46277
6,19,PZ,Daphnia,0.85,39.47457,39.46277
6,19,PZ,Daphnia,0.765,39.47457,39.46277
6,19,PZ,Daphnia,0.714,39.47457,39.46277
6,19,PZ,Daphnia,0.697,39.47457,39.46277
6,19,PZ,Daphnia,0.748,39.47457,39.46277
6,19,PZ,Daphnia,0.663,39.47457,39.46277
6,19,PZ,Daphnia,0.85,39.47457,39.46277
6,19,PZ,Daphnia,0.782,39.47457,39.46277
6,19,PZ,Daphnia,0.833,39.47457,39.46277
6,19,PZ,Daphnia,0.884,39.47457,39.46277
6,19,PZ,Daphnia,0.799,39.47457,39.46277
6,19,PZ,Daphnia,0.612,39.47457,39.46277
6,19,PZ,Daphnia,0.986,39.47457,39.46277
6,19,PZ,Daphnia,0.901,39.47457,39.46277
6,19,PZ,Daphnia,0.833,39.47457,39.46277
6,19,PZ,Daphnia,0.612,39.47457,39.46277
6,19,PZ,Daphnia,0.561,39.47457,39.46277
6,19,PZ,Daphnia,0.612,39.47457,39.46277
6,19,PZ,Daphnia,0.816,39.47457,39.46277
6,19,PZ,Daphnia,0.595,39.47457,39.46277
6,19,PZ,Daphnia,1.19,39.47457,39.46277
6,19,PZ,Daphnia,0.663,39.47457,39.46277
7,19,PZ,Daphnia,0.799,39.83587,39.46277
7,19,PZ,Daphnia,0.578,39.83587,39.46277
8,19,PZ,cyclopoid,0.595,39.89258,39.46277
8,19,PZ,cyclopoid,0.476,39.89258,39.46277
8,19,PZ,cyclopoid,0.544,39.89258,39.46277
8,19,PZ,cyclopoid,0.51,39.89258,39.46277
8,19,PZ,cyclopoid,0.561,39.89258,39.46277
8,19,PZ,cyclopoid,0.459,39.89258,39.46277
8,19,PZ,cyclopoid,0.612,39.89258,39.46277
8,19,PZ,cyclopoid,0.51,39.89258,39.46277
8,19,PZ,cyclopoid,0.561,39.89258,39.46277
8,19,PZ,cyclopoid,0.544,39.89258,39.46277
8,19,PZ,cyclopoid,0.493,39.89258,39.46277
8,19,PZ,cyclopoid,0.595,39.89258,39.46277
8,19,PZ,cyclopoid,0.595,39.89258,39.46277
8,19,PZ,cyclopoid,0.493,39.89258,39.46277
8,19,PZ,cyclopoid,0.527,39.89258,39.46277
8,19,PZ,cyclopoid,0.527,39.89258,39.46277
8,19,PZ,cyclopoid,0.612,39.89258,39.46277
8,19,PZ,cyclopoid,0.595,39.89258,39.46277
8,19,PZ,cyclopoid,0.612,39.89258,39.46277
8,19,PZ,cyclopoid,0.595,39.89258,39.46277
8,19,PZ,cyclopoid,0.578,39.89258,39.46277
8,19,PZ,cyclopoid,0.646,39.89258,39.46277
8,19,PZ,cyclopoid,0.663,39.89258,39.46277
8,19,PZ,Daphnia,1.377,39.89258,39.46277
8,19,PZ,Daphnia,1.292,39.89258,39.46277
8,19,PZ,Daphnia,1.428,39.89258,39.46277
8,19,PZ,Daphnia,0.986,39.89258,39.46277
8,19,PZ,Daphnia,1.36,39.89258,39.46277
8,19,PZ,Daphnia,0.68,39.89258,39.46277
8,19,PZ,Daphnia,0.646,39.89258,39.46277
8,19,PZ,Daphnia,0.901,39.89258,39.46277
8,19,PZ,Daphnia,1.105,39.89258,39.46277
8,19,PZ,Daphnia,0.986,39.89258,39.46277
8,19,PZ,Daphnia,1.292,39.89258,39.46277
8,19,PZ,Daphnia,0.714,39.89258,39.46277
8,19,PZ,Daphnia,0.748,39.89258,39.46277
8,19,PZ,Daphnia,0.816,39.89258,39.46277
8,19,PZ,Daphnia,0.663,39.89258,39.46277
8,19,PZ,Daphnia,0.901,39.89258,39.46277
8,19,PZ,Daphnia,0.833,39.89258,39.46277
8,19,PZ,Daphnia,1.326,39.89258,39.46277
8,19,PZ,Daphnia,1.326,39.89258,39.46277
8,19,PZ,Daphnia,1.53,39.89258,39.46277
8,19,PZ,Daphnia,1.513,39.89258,39.46277
8,19,PZ,Daphnia,1.037,39.89258,39.46277
8,19,PZ,Daphnia,1.037,39.89258,39.46277
8,19,PZ,Daphnia,0.782,39.89258,39.46277
8,19,PZ,Daphnia,0.68,39.89258,39.46277
8,19,PZ,Daphnia,1.87,39.89258,39.46277
8,19,PZ,Daphnia,1.598,39.89258,39.46277
8,19,PZ,Daphnia,0.833,39.89258,39.46277
8,19,PZ,Daphnia,0.85,39.89258,39.46277
8,19,PZ,Daphnia,0.901,39.89258,39.46277
8,19,PZ,Daphnia,0.595,39.89258,39.46277
8,19,PZ,Daphnia,1.581,39.89258,39.46277
8,19,PZ,Daphnia,1.292,39.89258,39.46277
8,19,PZ,Daphnia,1.53,39.89258,39.46277
9,19,PZ,cyclopoid,0.493,39.92351,39.46277
9,19,PZ,cyclopoid,0.646,39.92351,39.46277
9,19,PZ,cyclopoid,0.595,39.92351,39.46277
9,19,PZ,cyclopoid,0.459,39.92351,39.46277
9,19,PZ,cyclopoid,0.408,39.92351,39.46277
9,19,PZ,cyclopoid,0.476,39.92351,39.46277
9,19,PZ,cyclopoid,0.799,39.92351,39.46277
4,20,PZ,cyclopoid,0.544,39.09568,39.15888
4,20,PZ,cyclopoid,0.561,39.09568,39.15888
4,20,PZ,cyclopoid,0.561,39.09568,39.15888
4,20,PZ,Daphnia,0.527,39.09568,39.15888
5,20,PZ,cyclopoid,0.357,39.01648,39.15888
5,20,PZ,cyclopoid,0.425,39.01648,39.15888
5,20,PZ,cyclopoid,0.408,39.01648,39.15888
5,20,PZ,cyclopoid,0.374,39.01648,39.15888
5,20,PZ,cyclopoid,0.493,39.01648,39.15888
5,20,PZ,cyclopoid,0.442,39.01648,39.15888
5,20,PZ,cyclopoid,0.425,39.01648,39.15888
6,20,PZ,cyclopoid,0.51,39.17051,39.15888
6,20,PZ,cyclopoid,0.595,39.17051,39.15888
6,20,PZ,cyclopoid,0.51,39.17051,39.15888
6,20,PZ,cyclopoid,0.493,39.17051,39.15888
6,20,PZ,cyclopoid,0.561,39.17051,39.15888
6,20,PZ,cyclopoid,0.578,39.17051,39.15888
6,20,PZ,cyclopoid,0.663,39.17051,39.15888
6,20,PZ,cyclopoid,0.391,39.17051,39.15888
6,20,PZ,Daphnia,0.816,39.17051,39.15888
7,20,PZ,calanoid,0.595,39.52624,39.15888
7,20,PZ,calanoid,0.476,39.52624,39.15888
7,20,PZ,cyclopoid,0.595,39.52624,39.15888
7,20,PZ,cyclopoid,0.51,39.52624,39.15888
9,20,PZ,cyclopoid,0.374,39.61251,39.15888
4,21,PZ,Daphnia,1.36,39.56474,39.62947
4,21,PZ,Daphnia,1.275,39.56474,39.62947
5,21,PZ,cyclopoid,0.374,39.48363,39.62947
5,21,PZ,cyclopoid,0.374,39.48363,39.62947
5,21,PZ,cyclopoid,0.374,39.48363,39.62947
5,21,PZ,cyclopoid,0.391,39.48363,39.62947
5,21,PZ,cyclopoid,0.357,39.48363,39.62947
5,21,PZ,cyclopoid,0.493,39.48363,39.62947
5,21,PZ,Daphnia,0.833,39.48363,39.62947
5,21,PZ,Daphnia,0.595,39.48363,39.62947
5,21,PZ,Daphnia,0.901,39.48363,39.62947
5,21,PZ,Daphnia,0.629,39.48363,39.62947
5,21,PZ,Daphnia,0.85,39.48363,39.62947
5,21,PZ,Daphnia,0.782,39.48363,39.62947
6,21,PZ,Bosmina,1.53,39.64138,39.62947
6,21,PZ,cyclopoid,0.527,39.64138,39.62947
6,21,PZ,cyclopoid,0.544,39.64138,39.62947
6,21,PZ,Daphnia,0.935,39.64138,39.62947
6,21,PZ,Daphnia,0.986,39.64138,39.62947
7,21,PZ,Daphnia,0.697,40.00575,39.62947
7,21,PZ,Daphnia,0.816,40.00575,39.62947
7,21,PZ,Daphnia,0.952,40.00575,39.62947
7,21,PZ,Daphnia,1.054,40.00575,39.62947
8,21,PZ,calanoid,1.326,40.06294,39.62947
8,21,PZ,calanoid,0.34,40.06294,39.62947
8,21,PZ,cyclopoid,0.493,40.06294,39.62947
8,21,PZ,cyclopoid,0.408,40.06294,39.62947
8,21,PZ,cyclopoid,0.697,40.06294,39.62947
8,21,PZ,cyclopoid,0.561,40.06294,39.62947
8,21,PZ,cyclopoid,1.326,40.06294,39.62947
8,21,PZ,cyclopoid,0.544,40.06294,39.62947
8,21,PZ,cyclopoid,0.527,40.06294,39.62947
8,21,PZ,cyclopoid,0.578,40.06294,39.62947
8,21,PZ,cyclopoid,0.476,40.06294,39.62947
8,21,PZ,cyclopoid,0.527,40.06294,39.62947
8,21,PZ,cyclopoid,0.595,40.06294,39.62947
8,21,PZ,cyclopoid,0.561,40.06294,39.62947
8,21,PZ,cyclopoid,0.425,40.06294,39.62947
8,21,PZ,cyclopoid,0.544,40.06294,39.62947
8,21,PZ,Daphnia,0.782,40.06294,39.62947
8,21,PZ,Daphnia,0.68,40.06294,39.62947
8,21,PZ,Daphnia,1.156,40.06294,39.62947
8,21,PZ,Daphnia,1.003,40.06294,39.62947
8,21,PZ,Daphnia,0.476,40.06294,39.62947
8,21,PZ,Daphnia,0.561,40.06294,39.62947
8,21,PZ,Daphnia,1.615,40.06294,39.62947
8,21,PZ,Daphnia,1.054,40.06294,39.62947
8,21,PZ,Daphnia,1.938,40.06294,39.62947
8,21,PZ,Daphnia,1.751,40.06294,39.62947
8,21,PZ,Daphnia,0.918,40.06294,39.62947
8,21,PZ,Daphnia,0.867,40.06294,39.62947
8,21,PZ,Daphnia,1.632,40.06294,39.62947
8,21,PZ,Daphnia,1.105,40.06294,39.62947
8,21,PZ,Daphnia,1.462,40.06294,39.62947
8,21,PZ,Daphnia,1.377,40.06294,39.62947
8,21,PZ,Daphnia,1.581,40.06294,39.62947
8,21,PZ,Daphnia,0.476,40.06294,39.62947
8,21,PZ,Daphnia,0.918,40.06294,39.62947
8,21,PZ,Daphnia,0.816,40.06294,39.62947
8,21,PZ,Daphnia,0.816,40.06294,39.62947
8,21,PZ,Daphnia,0.527,40.06294,39.62947
8,21,PZ,Daphnia,0.765,40.06294,39.62947
8,21,PZ,Daphnia,1.003,40.06294,39.62947
8,21,PZ,Daphnia,0.85,40.06294,39.62947
8,21,PZ,Daphnia,0.425,40.06294,39.62947
8,21,PZ,Daphnia,1.19,40.06294,39.62947
8,21,PZ,Daphnia,0.663,40.06294,39.62947
8,21,PZ,Daphnia,0.782,40.06294,39.62947
8,21,PZ,Daphnia,1.445,40.06294,39.62947
8,21,PZ,Daphnia,1.581,40.06294,39.62947
8,21,PZ,Daphnia,1.088,40.06294,39.62947
5,22,PZ,cyclopoid,0.425,39.17434,39.2378
5,22,PZ,cyclopoid,0.476,39.17434,39.2378
5,22,PZ,cyclopoid,0.51,39.17434,39.2378
5,22,PZ,Daphnia,0.765,39.17434,39.2378
6,22,PZ,cyclopoid,0.51,39.09482,39.2378
6,22,PZ,Daphnia,0.697,39.09482,39.2378
6,22,PZ,Daphnia,0.867,39.09482,39.2378
6,22,PZ,Daphnia,0.68,39.09482,39.2378
7,22,PZ,cyclopoid,0.595,39.24947,39.2378
7,22,PZ,cyclopoid,0.578,39.24947,39.2378
7,22,PZ,cyclopoid,0.595,39.24947,39.2378
7,22,PZ,cyclopoid,0.51,39.24947,39.2378
7,22,PZ,cyclopoid,0.425,39.24947,39.2378
8,22,PZ,cyclopoid,0.561,39.60664,39.2378
8,22,PZ,cyclopoid,0.459,39.60664,39.2378
8,22,PZ,cyclopoid,0.595,39.60664,39.2378
8,22,PZ,cyclopoid,0.68,39.60664,39.2378
8,22,PZ,cyclopoid,0.68,39.60664,39.2378
8,22,PZ,cyclopoid,0.561,39.60664,39.2378
8,22,PZ,cyclopoid,0.493,39.60664,39.2378
8,22,PZ,cyclopoid,0.544,39.60664,39.2378
8,22,PZ,Daphnia,1.326,39.60664,39.2378
8,22,PZ,Daphnia,0.816,39.60664,39.2378
8,22,PZ,Daphnia,0.595,39.60664,39.2378
8,22,PZ,Daphnia,0.986,39.60664,39.2378
8,22,PZ,Daphnia,0.527,39.60664,39.2378
8,22,PZ,Daphnia,1.105,39.60664,39.2378
8,22,PZ,Daphnia,0.646,39.60664,39.2378
8,22,PZ,Daphnia,0.646,39.60664,39.2378
8,22,PZ,Daphnia,1.462,39.60664,39.2378
8,22,PZ,Daphnia,0.697,39.60664,39.2378
8,22,PZ,Daphnia,0.765,39.60664,39.2378
8,22,PZ,Daphnia,1.19,39.60664,39.2378
8,22,PZ,Daphnia,0.663,39.60664,39.2378
8,22,PZ,Daphnia,0.663,39.60664,39.2378
8,22,PZ,Daphnia,1.241,39.60664,39.2378
8,22,PZ,Daphnia,0.68,39.60664,39.2378
8,22,PZ,Daphnia,0.68,39.60664,39.2378
4,23,PZN,cyclopoid,0.493,39.00442,39.04272
8,23,PZN,calanoid,0.901,39.4893,39.04272
8,23,PZN,cyclopoid,0.476,39.4893,39.04272
8,23,PZN,cyclopoid,0.612,39.4893,39.04272
8,23,PZN,cyclopoid,0.595,39.4893,39.04272
8,23,PZN,cyclopoid,0.629,39.4893,39.04272
8,23,PZN,cyclopoid,0.68,39.4893,39.04272
8,23,PZN,cyclopoid,0.493,39.4893,39.04272
8,23,PZN,cyclopoid,0.595,39.4893,39.04272
8,23,PZN,cyclopoid,0.578,39.4893,39.04272
8,23,PZN,cyclopoid,0.544,39.4893,39.04272
8,23,PZN,cyclopoid,0.544,39.4893,39.04272
8,23,PZN,cyclopoid,0.595,39.4893,39.04272
8,23,PZN,cyclopoid,0.476,39.4893,39.04272
8,23,PZN,cyclopoid,0.544,39.4893,39.04272
8,23,PZN,cyclopoid,0.578,39.4893,39.04272
8,23,PZN,cyclopoid,0.612,39.4893,39.04272
8,23,PZN,cyclopoid,0.476,39.4893,39.04272
8,23,PZN,cyclopoid,0.595,39.4893,39.04272
8,23,PZN,cyclopoid,0.544,39.4893,39.04272
8,23,PZN,cyclopoid,0.527,39.4893,39.04272
8,23,PZN,Daphnia,1.275,39.4893,39.04272
8,23,PZN,Daphnia,0.51,39.4893,39.04272
8,23,PZN,Daphnia,0.612,39.4893,39.04272
8,23,PZN,Daphnia,0.68,39.4893,39.04272
8,23,PZN,Daphnia,0.459,39.4893,39.04272
8,23,PZN,Daphnia,0.867,39.4893,39.04272
8,23,PZN,Daphnia,0.629,39.4893,39.04272
8,23,PZN,Daphnia,1.36,39.4893,39.04272
8,23,PZN,Daphnia,0.408,39.4893,39.04272
8,23,PZN,Daphnia,0.425,39.4893,39.04272
8,23,PZN,Daphnia,1.071,39.4893,39.04272
8,23,PZN,Daphnia,0.646,39.4893,39.04272
8,23,PZN,Daphnia,0.595,39.4893,39.04272
8,23,PZN,Daphnia,1.326,39.4893,39.04272
8,23,PZN,Daphnia,1.19,39.4893,39.04272
8,23,PZN,Daphnia,0.952,39.4893,39.04272
8,23,PZN,Daphnia,1.343,39.4893,39.04272
8,23,PZN,Daphnia,0.527,39.4893,39.04272
8,23,PZN,Daphnia,0.884,39.4893,39.04272
8,23,PZN,Daphnia,0.544,39.4893,39.04272
8,23,PZN,Daphnia,0.918,39.4893,39.04272
8,23,PZN,Daphnia,0.544,39.4893,39.04272
8,23,PZN,Daphnia,1.513,39.4893,39.04272
4,24,PZN,cyclopoid,0.493,39.47396,39.5132
4,24,PZN,cyclopoid,0.544,39.47396,39.5132
4,24,PZN,cyclopoid,0.51,39.47396,39.5132
6,24,PZN,cyclopoid,0.544,39.57796,39.5132
7,24,PZN,cyclopoid,0.561,39.93808,39.5132
8,24,PZN,calanoid,1.275,39.97067,39.5132
8,24,PZN,calanoid,1.241,39.97067,39.5132
8,24,PZN,calanoid,1.479,39.97067,39.5132
8,24,PZN,cyclopoid,0.697,39.97067,39.5132
8,24,PZN,cyclopoid,0.544,39.97067,39.5132
8,24,PZN,cyclopoid,0.374,39.97067,39.5132
8,24,PZN,cyclopoid,0.34,39.97067,39.5132
8,24,PZN,cyclopoid,0.544,39.97067,39.5132
8,24,PZN,cyclopoid,0.884,39.97067,39.5132
8,24,PZN,cyclopoid,0.561,39.97067,39.5132
8,24,PZN,cyclopoid,0.595,39.97067,39.5132
8,24,PZN,cyclopoid,0.357,39.97067,39.5132
8,24,PZN,cyclopoid,0.476,39.97067,39.5132
8,24,PZN,cyclopoid,1.394,39.97067,39.5132
8,24,PZN,cyclopoid,0.493,39.97067,39.5132
8,24,PZN,cyclopoid,0.595,39.97067,39.5132
8,24,PZN,cyclopoid,0.544,39.97067,39.5132
8,24,PZN,cyclopoid,0.595,39.97067,39.5132
8,24,PZN,cyclopoid,0.527,39.97067,39.5132
8,24,PZN,cyclopoid,0.476,39.97067,39.5132
8,24,PZN,cyclopoid,0.476,39.97067,39.5132
8,24,PZN,Daphnia,0.765,39.97067,39.5132
7,26,PZN,calanoid,0.374,39.8436,39.42072
7,26,PZN,cyclopoid,0.442,39.8436,39.42072
7,26,PZN,cyclopoid,0.357,39.8436,39.42072
8,26,PZN,cyclopoid,0.34,39.87603,39.42072
8,26,PZN,cyclopoid,0.595,39.87603,39.42072
8,26,PZN,cyclopoid,0.697,39.87603,39.42072
8,26,PZN,cyclopoid,0.68,39.87603,39.42072
8,26,PZN,cyclopoid,0.748,39.87603,39.42072
8,26,PZN,cyclopoid,0.544,39.87603,39.42072
8,26,PZN,cyclopoid,0.459,39.87603,39.42072
8,26,PZN,cyclopoid,0.544,39.87603,39.42072
8,26,PZN,cyclopoid,0.51,39.87603,39.42072
4,28,PZ,cyclopoid,0.51,39.58674,39.65154
4,28,PZ,cyclopoid,0.714,39.58674,39.65154
4,28,PZ,Daphnia,1.19,39.58674,39.65154
6,28,PZ,cyclopoid,0.765,39.66346,39.65154
6,28,PZ,Daphnia,0.85,39.66346,39.65154
6,28,PZ,Daphnia,0.765,39.66346,39.65154
6,28,PZ,Daphnia,0.714,39.66346,39.65154
6,28,PZ,Daphnia,0.697,39.66346,39.65154
6,28,PZ,Daphnia,0.748,39.66346,39.65154
6,28,PZ,Daphnia,0.663,39.66346,39.65154
6,28,PZ,Daphnia,0.85,39.66346,39.65154
6,28,PZ,Daphnia,0.782,39.66346,39.65154
6,28,PZ,Daphnia,0.833,39.66346,39.65154
6,28,PZ,Daphnia,0.884,39.66346,39.65154
6,28,PZ,Daphnia,0.799,39.66346,39.65154
6,28,PZ,Daphnia,0.612,39.66346,39.65154
6,28,PZ,Daphnia,0.986,39.66346,39.65154
6,28,PZ,Daphnia,0.901,39.66346,39.65154
6,28,PZ,Daphnia,0.833,39.66346,39.65154
6,28,PZ,Daphnia,0.612,39.66346,39.65154
6,28,PZ,Daphnia,0.561,39.66346,39.65154
6,28,PZ,Daphnia,0.612,39.66346,39.65154
6,28,PZ,Daphnia,0.816,39.66346,39.65154
6,28,PZ,Daphnia,0.595,39.66346,39.65154
6,28,PZ,Daphnia,1.19,39.66346,39.65154
6,28,PZ,Daphnia,0.663,39.66346,39.65154
7,28,PZ,calanoid,0.527,40.02824,39.65154
7,28,PZ,Daphnia,0.646,40.02824,39.65154
7,28,PZ,Daphnia,0.748,40.02824,39.65154
7,28,PZ,Daphnia,0.714,40.02824,39.65154
7,28,PZ,Daphnia,0.952,40.02824,39.65154
7,28,PZ,Daphnia,0.765,40.02824,39.65154
7,28,PZ,Daphnia,0.697,40.02824,39.65154
7,28,PZ,Daphnia,0.901,40.02824,39.65154
7,28,PZ,Daphnia,0.782,40.02824,39.65154
7,28,PZ,Daphnia,0.714,40.02824,39.65154
7,28,PZ,Daphnia,0.697,40.02824,39.65154
8,28,PZ,cyclopoid,0.442,40.0855,39.65154
8,28,PZ,cyclopoid,0.629,40.0855,39.65154
8,28,PZ,cyclopoid,0.493,40.0855,39.65154
8,28,PZ,cyclopoid,0.459,40.0855,39.65154
8,28,PZ,cyclopoid,0.697,40.0855,39.65154
8,28,PZ,cyclopoid,0.612,40.0855,39.65154
8,28,PZ,cyclopoid,0.612,40.0855,39.65154
8,28,PZ,cyclopoid,0.561,40.0855,39.65154
8,28,PZ,cyclopoid,0.561,40.0855,39.65154
8,28,PZ,cyclopoid,0.612,40.0855,39.65154
8,28,PZ,cyclopoid,0.68,40.0855,39.65154
8,28,PZ,cyclopoid,0.544,40.0855,39.65154
8,28,PZ,cyclopoid,0.527,40.0855,39.65154
8,28,PZ,Daphnia,0.578,40.0855,39.65154
8,28,PZ,Daphnia,1.921,40.0855,39.65154
4,30,PZ,cyclopoid,0.595,38.7637,38.82584
4,30,PZ,Daphnia,0.357,38.7637,38.82584
6,30,PZ,cyclopoid,0.476,38.83727,38.82584
6,30,PZ,cyclopoid,0.629,38.83727,38.82584
7,30,PZ,cyclopoid,0.425,39.18694,38.82584
7,30,PZ,cyclopoid,0.612,39.18694,38.82584
8,30,PZ,cyclopoid,0.476,39.24182,38.82584
8,30,PZ,cyclopoid,0.714,39.24182,38.82584
8,30,PZ,cyclopoid,0.646,39.24182,38.82584
8,30,PZ,cyclopoid,0.527,39.24182,38.82584
8,30,PZ,cyclopoid,0.646,39.24182,38.82584
8,30,PZ,cyclopoid,0.544,39.24182,38.82584
8,30,PZ,cyclopoid,0.544,39.24182,38.82584
8,30,PZ,cyclopoid,0.816,39.24182,38.82584
8,30,PZ,cyclopoid,0.663,39.24182,38.82584
8,30,PZ,cyclopoid,0.68,39.24182,38.82584
8,30,PZ,cyclopoid,0.51,39.24182,38.82584
8,30,PZ,cyclopoid,0.51,39.24182,38.82584
8,30,PZ,cyclopoid,0.663,39.24182,38.82584
8,30,PZ,Daphnia,1.53,39.24182,38.82584
8,30,PZ,Daphnia,0.935,39.24182,38.82584
8,30,PZ,Daphnia,0.714,39.24182,38.82584
8,30,PZ,Daphnia,0.714,39.24182,38.82584
8,30,PZ,Daphnia,0.697,39.24182,38.82584
8,30,PZ,Daphnia,1.564,39.24182,38.82584
8,30,PZ,Daphnia,1.292,39.24182,38.82584
8,30,PZ,Daphnia,1.615,39.24182,38.82584
8,30,PZ,Daphnia,0.765,39.24182,38.82584
8,30,PZ,Daphnia,1.19,39.24182,38.82584
8,30,PZ,Daphnia,1.275,39.24182,38.82584
8,30,PZ,Daphnia,0.884,39.24182,38.82584
8,30,PZ,Daphnia,1.615,39.24182,38.82584
8,30,PZ,Daphnia,1.156,39.24182,38.82584
8,30,PZ,Daphnia,1.53,39.24182,38.82584
8,30,PZ,Daphnia,1.003,39.24182,38.82584