"","Tank","trophic.level","species","size","week","temp.wk","temp.Tmn","temp.Tsd"
"1","2","PZN","cyclopoid",0.357,4,20.07275,19.5672879464286,3.47573326338724
"2","2","PZN","cyclopoid",0.612,5,21.3747678571429,19.5672879464286,3.47573326338724
"3","2","PZN","cyclopoid",0.646,5,21.3747678571429,19.5672879464286,3.47573326338724
"4","2","PZN","cyclopoid",0.408,5,21.3747678571429,19.5672879464286,3.47573326338724
"5","2","PZN","cyclopoid",0.51,5,21.3747678571429,19.5672879464286,3.47573326338724
"6","2","PZN","cyclopoid",0.697,5,21.3747678571429,19.5672879464286,3.47573326338724
"7","2","PZN","cyclopoid",0.612,5,21.3747678571429,19.5672879464286,3.47573326338724
"8","2","PZN","cyclopoid",0.442,5,21.3747678571429,19.5672879464286,3.47573326338724
"9","2","PZN","cyclopoid",0.544,5,21.3747678571429,19.5672879464286,3.47573326338724
"10","2","PZN","cyclopoid",0.493,5,21.3747678571429,19.5672879464286,3.47573326338724
"11","2","PZN","cyclopoid",0.425,5,21.3747678571429,19.5672879464286,3.47573326338724
"12","2","PZN","cyclopoid",0.561,6,19.3002916666667,19.5672879464286,3.47573326338724
"13","2","PZN","cyclopoid",0.646,6,19.3002916666667,19.5672879464286,3.47573326338724
"14","2","PZN","cyclopoid",0.765,6,19.3002916666667,19.5672879464286,3.47573326338724
"15","2","PZN","cyclopoid",0.544,6,19.3002916666667,19.5672879464286,3.47573326338724
"16","2","PZN","cyclopoid",0.459,6,19.3002916666667,19.5672879464286,3.47573326338724
"17","2","PZN","cyclopoid",0.476,6,19.3002916666667,19.5672879464286,3.47573326338724
"18","2","PZN","cyclopoid",0.476,6,19.3002916666667,19.5672879464286,3.47573326338724
"19","2","PZN","cyclopoid",0.493,6,19.3002916666667,19.5672879464286,3.47573326338724
"20","2","PZN","cyclopoid",0.51,6,19.3002916666667,19.5672879464286,3.47573326338724
"21","2","PZN","cyclopoid",0.646,6,19.3002916666667,19.5672879464286,3.47573326338724
"22","2","PZN","cyclopoid",0.578,6,19.3002916666667,19.5672879464286,3.47573326338724
"23","2","PZN","cyclopoid",0.629,8,16.4195595238095,19.5672879464286,3.47573326338724
"24","2","PZN","cyclopoid",0.442,8,16.4195595238095,19.5672879464286,3.47573326338724
"25","2","PZN","cyclopoid",0.442,8,16.4195595238095,19.5672879464286,3.47573326338724
"26","2","PZN","cyclopoid",0.425,8,16.4195595238095,19.5672879464286,3.47573326338724
"27","2","PZN","cyclopoid",0.493,8,16.4195595238095,19.5672879464286,3.47573326338724
"28","2","PZN","cyclopoid",0.408,8,16.4195595238095,19.5672879464286,3.47573326338724
"29","2","PZN","cyclopoid",0.595,8,16.4195595238095,19.5672879464286,3.47573326338724
"30","2","PZN","cyclopoid",0.646,8,16.4195595238095,19.5672879464286,3.47573326338724
"31","2","PZN","cyclopoid",0.646,8,16.4195595238095,19.5672879464286,3.47573326338724
"32","2","PZN","cyclopoid",0.595,9,15.9660654761905,19.5672879464286,3.47573326338724
"33","2","PZN","cyclopoid",0.578,9,15.9660654761905,19.5672879464286,3.47573326338724
"34","2","PZN","cyclopoid",0.51,9,15.9660654761905,19.5672879464286,3.47573326338724
"35","2","PZN","cyclopoid",0.493,9,15.9660654761905,19.5672879464286,3.47573326338724
"36","2","PZN","Daphnia",0.765,9,15.9660654761905,19.5672879464286,3.47573326338724
"37","2","PZN","Daphnia",1.037,9,15.9660654761905,19.5672879464286,3.47573326338724
"38","2","PZN","Daphnia",1.904,9,15.9660654761905,19.5672879464286,3.47573326338724
"39","4","PZN","cyclopoid",0.476,6,21.7952916666667,22.0622879464286,3.47573326338724
"40","4","PZN","cyclopoid",0.527,6,21.7952916666667,22.0622879464286,3.47573326338724
"41","4","PZN","cyclopoid",0.663,8,18.9145595238095,22.0622879464286,3.47573326338724
"42","4","PZN","cyclopoid",0.425,8,18.9145595238095,22.0622879464286,3.47573326338724
"43","4","PZN","cyclopoid",0.646,8,18.9145595238095,22.0622879464286,3.47573326338724
"44","4","PZN","cyclopoid",0.408,8,18.9145595238095,22.0622879464286,3.47573326338724
"45","4","PZN","cyclopoid",0.459,8,18.9145595238095,22.0622879464286,3.47573326338724
"46","4","PZN","cyclopoid",0.527,8,18.9145595238095,22.0622879464286,3.47573326338724
"47","4","PZN","cyclopoid",0.442,8,18.9145595238095,22.0622879464286,3.47573326338724
"48","4","PZN","cyclopoid",0.425,8,18.9145595238095,22.0622879464286,3.47573326338724
"49","4","PZN","cyclopoid",0.408,8,18.9145595238095,22.0622879464286,3.47573326338724
"50","4","PZN","cyclopoid",0.425,8,18.9145595238095,22.0622879464286,3.47573326338724
"51","4","PZN","cyclopoid",0.442,8,18.9145595238095,22.0622879464286,3.47573326338724
"52","4","PZN","cyclopoid",0.493,8,18.9145595238095,22.0622879464286,3.47573326338724
"53","4","PZN","cyclopoid",0.646,8,18.9145595238095,22.0622879464286,3.47573326338724
"54","4","PZN","cyclopoid",0.34,8,18.9145595238095,22.0622879464286,3.47573326338724
"55","4","PZN","cyclopoid",0.544,8,18.9145595238095,22.0622879464286,3.47573326338724
"56","4","PZN","cyclopoid",0.425,9,18.4610654761905,22.0622879464286,3.47573326338724
"57","4","PZN","cyclopoid",0.612,9,18.4610654761905,22.0622879464286,3.47573326338724
"58","4","PZN","cyclopoid",0.527,9,18.4610654761905,22.0622879464286,3.47573326338724
"59","4","PZN","cyclopoid",0.612,9,18.4610654761905,22.0622879464286,3.47573326338724
"60","4","PZN","cyclopoid",0.527,9,18.4610654761905,22.0622879464286,3.47573326338724
"61","4","PZN","cyclopoid",0.527,9,18.4610654761905,22.0622879464286,3.47573326338724
"62","4","PZN","cyclopoid",0.561,9,18.4610654761905,22.0622879464286,3.47573326338724
"63","4","PZN","cyclopoid",0.544,9,18.4610654761905,22.0622879464286,3.47573326338724
"64","4","PZN","cyclopoid",0.578,9,18.4610654761905,22.0622879464286,3.47573326338724
"65","4","PZN","cyclopoid",0.595,9,18.4610654761905,22.0622879464286,3.47573326338724
"66","4","PZN","cyclopoid",0.544,9,18.4610654761905,22.0622879464286,3.47573326338724
"67","4","PZN","cyclopoid",0.578,9,18.4610654761905,22.0622879464286,3.47573326338724
"68","4","PZN","cyclopoid",0.578,9,18.4610654761905,22.0622879464286,3.47573326338724
"69","4","PZN","cyclopoid",0.544,9,18.4610654761905,22.0622879464286,3.47573326338724
"70","4","PZN","cyclopoid",0.561,9,18.4610654761905,22.0622879464286,3.47573326338724
"71","4","PZN","cyclopoid",0.561,9,18.4610654761905,22.0622879464286,3.47573326338724
"72","5","PZN","cyclopoid",0.595,8,16.4255595238095,19.5732879464286,3.47573326338724
"73","5","PZN","cyclopoid",0.357,8,16.4255595238095,19.5732879464286,3.47573326338724
"74","5","PZN","cyclopoid",0.476,8,16.4255595238095,19.5732879464286,3.47573326338724
"75","5","PZN","cyclopoid",0.629,8,16.4255595238095,19.5732879464286,3.47573326338724
"76","5","PZN","cyclopoid",0.629,8,16.4255595238095,19.5732879464286,3.47573326338724
"77","5","PZN","cyclopoid",0.612,8,16.4255595238095,19.5732879464286,3.47573326338724
"78","5","PZN","cyclopoid",0.561,8,16.4255595238095,19.5732879464286,3.47573326338724
"79","5","PZN","cyclopoid",0.544,8,16.4255595238095,19.5732879464286,3.47573326338724
"80","5","PZN","cyclopoid",0.51,9,15.9720654761905,19.5732879464286,3.47573326338724
"81","5","PZN","cyclopoid",0.612,9,15.9720654761905,19.5732879464286,3.47573326338724
"82","5","PZN","cyclopoid",0.646,9,15.9720654761905,19.5732879464286,3.47573326338724
"83","5","PZN","cyclopoid",0.629,9,15.9720654761905,19.5732879464286,3.47573326338724
"84","5","PZN","cyclopoid",0.476,9,15.9720654761905,19.5732879464286,3.47573326338724
"85","5","PZN","cyclopoid",0.544,9,15.9720654761905,19.5732879464286,3.47573326338724
"86","5","PZN","cyclopoid",0.476,9,15.9720654761905,19.5732879464286,3.47573326338724
"87","5","PZN","cyclopoid",0.68,9,15.9720654761905,19.5732879464286,3.47573326338724
"88","5","PZN","cyclopoid",0.493,9,15.9720654761905,19.5732879464286,3.47573326338724
"89","5","PZN","cyclopoid",0.527,9,15.9720654761905,19.5732879464286,3.47573326338724
"90","5","PZN","cyclopoid",0.561,9,15.9720654761905,19.5732879464286,3.47573326338724
"91","5","PZN","cyclopoid",0.476,9,15.9720654761905,19.5732879464286,3.47573326338724
"92","5","PZN","cyclopoid",0.595,9,15.9720654761905,19.5732879464286,3.47573326338724
"93","5","PZN","cyclopoid",0.51,9,15.9720654761905,19.5732879464286,3.47573326338724
"94","5","PZN","cyclopoid",0.527,9,15.9720654761905,19.5732879464286,3.47573326338724
"95","5","PZN","cyclopoid",0.544,9,15.9720654761905,19.5732879464286,3.47573326338724
"96","7","PZN","Copepod",0.476,8,19.5945595238095,22.7422879464286,3.47573326338724
"97","7","PZN","cyclopoid",0.493,8,19.5945595238095,22.7422879464286,3.47573326338724
"98","7","PZN","cyclopoid",0.646,8,19.5945595238095,22.7422879464286,3.47573326338724
"99","7","PZN","cyclopoid",0.629,9,19.1410654761905,22.7422879464286,3.47573326338724
"100","7","PZN","Daphnia",0.357,9,19.1410654761905,22.7422879464286,3.47573326338724
"101","11","PZ","cyclopoid",0.629,9,16.6415238095238,19.7778563988095,2.91039144008814
"102","11","PZ","cyclopoid",0.561,9,16.6415238095238,19.7778563988095,2.91039144008814
"103","11","PZ","cyclopoid",0.612,9,16.6415238095238,19.7778563988095,2.91039144008814
"104","11","PZ","Daphnia",1.36,9,16.6415238095238,19.7778563988095,2.91039144008814
"105","11","PZ","Daphnia",0.952,9,16.6415238095238,19.7778563988095,2.91039144008814
"106","11","PZ","Daphnia",1.394,9,16.6415238095238,19.7778563988095,2.91039144008814
"107","11","PZ","Daphnia",0.782,9,16.6415238095238,19.7778563988095,2.91039144008814
"108","11","PZ","Daphnia",1.394,9,16.6415238095238,19.7778563988095,2.91039144008814
"109","11","PZ","Daphnia",1.241,9,16.6415238095238,19.7778563988095,2.91039144008814
"110","11","PZ","Daphnia",1.054,9,16.6415238095238,19.7778563988095,2.91039144008814
"111","11","PZ","Daphnia",1.36,9,16.6415238095238,19.7778563988095,2.91039144008814
"112","11","PZ","Daphnia",1.36,9,16.6415238095238,19.7778563988095,2.91039144008814
"113","11","PZ","Daphnia",1.054,9,16.6415238095238,19.7778563988095,2.91039144008814
"114","11","PZ","Daphnia",1.037,9,16.6415238095238,19.7778563988095,2.91039144008814
"115","11","PZ","Daphnia",1.292,9,16.6415238095238,19.7778563988095,2.91039144008814
"116","11","PZ","Daphnia",0.595,9,16.6415238095238,19.7778563988095,2.91039144008814
"117","11","PZ","Daphnia",1.734,9,16.6415238095238,19.7778563988095,2.91039144008814
"118","11","PZ","Daphnia",0.697,9,16.6415238095238,19.7778563988095,2.91039144008814
"119","12","PZ","cyclopoid",0.595,4,22.5092619047619,21.7728563988095,2.91039144008814
"120","12","PZ","cyclopoid",0.544,4,22.5092619047619,21.7728563988095,2.91039144008814
"121","12","PZ","cyclopoid",0.663,4,22.5092619047619,21.7728563988095,2.91039144008814
"122","12","PZ","Daphnia",0.986,4,22.5092619047619,21.7728563988095,2.91039144008814
"123","12","PZ","Daphnia",0.935,4,22.5092619047619,21.7728563988095,2.91039144008814
"124","12","PZ","Daphnia",1.36,4,22.5092619047619,21.7728563988095,2.91039144008814
"125","12","PZ","Daphnia",0.51,4,22.5092619047619,21.7728563988095,2.91039144008814
"126","12","PZ","Daphnia",0.544,4,22.5092619047619,21.7728563988095,2.91039144008814
"127","12","PZ","Daphnia",0.51,4,22.5092619047619,21.7728563988095,2.91039144008814
"128","12","PZ","Daphnia",0.646,4,22.5092619047619,21.7728563988095,2.91039144008814
"129","12","PZ","Daphnia",0.629,4,22.5092619047619,21.7728563988095,2.91039144008814
"130","12","PZ","Daphnia",0.51,4,22.5092619047619,21.7728563988095,2.91039144008814
"131","12","PZ","Daphnia",0.697,4,22.5092619047619,21.7728563988095,2.91039144008814
"132","12","PZ","Daphnia",0.697,4,22.5092619047619,21.7728563988095,2.91039144008814
"133","12","PZ","cyclopoid",0.544,8,18.8618511904762,21.7728563988095,2.91039144008814
"134","12","PZ","cyclopoid",0.527,9,18.6365238095238,21.7728563988095,2.91039144008814
"135","12","PZ","cyclopoid",0.595,9,18.6365238095238,21.7728563988095,2.91039144008814
"136","12","PZ","cyclopoid",0.493,9,18.6365238095238,21.7728563988095,2.91039144008814
"137","12","PZ","cyclopoid",0.527,9,18.6365238095238,21.7728563988095,2.91039144008814
"138","12","PZ","cyclopoid",0.493,9,18.6365238095238,21.7728563988095,2.91039144008814
"139","12","PZ","cyclopoid",0.425,9,18.6365238095238,21.7728563988095,2.91039144008814
"140","12","PZ","cyclopoid",0.51,9,18.6365238095238,21.7728563988095,2.91039144008814
"141","12","PZ","cyclopoid",0.51,9,18.6365238095238,21.7728563988095,2.91039144008814
"142","12","PZ","cyclopoid",0.595,9,18.6365238095238,21.7728563988095,2.91039144008814
"143","12","PZ","cyclopoid",0.51,9,18.6365238095238,21.7728563988095,2.91039144008814
"144","12","PZ","cyclopoid",0.459,9,18.6365238095238,21.7728563988095,2.91039144008814
"145","12","PZ","cyclopoid",0.459,9,18.6365238095238,21.7728563988095,2.91039144008814
"146","12","PZ","Daphnia",0.765,9,18.6365238095238,21.7728563988095,2.91039144008814
"147","13","PZ","Daphnia",1.445,4,22.3272619047619,21.5908563988095,2.91039144008814
"148","13","PZ","Daphnia",0.68,4,22.3272619047619,21.5908563988095,2.91039144008814
"149","13","PZ","Daphnia",0.527,4,22.3272619047619,21.5908563988095,2.91039144008814
"150","13","PZ","Daphnia",0.816,4,22.3272619047619,21.5908563988095,2.91039144008814
"151","13","PZ","Daphnia",0.765,4,22.3272619047619,21.5908563988095,2.91039144008814
"152","13","PZ","Daphnia",0.782,4,22.3272619047619,21.5908563988095,2.91039144008814
"153","13","PZ","Daphnia",0.629,4,22.3272619047619,21.5908563988095,2.91039144008814
"154","13","PZ","Daphnia",0.765,4,22.3272619047619,21.5908563988095,2.91039144008814
"155","13","PZ","Daphnia",1.241,4,22.3272619047619,21.5908563988095,2.91039144008814
"156","13","PZ","Daphnia",0.714,4,22.3272619047619,21.5908563988095,2.91039144008814
"157","13","PZ","Daphnia",0.714,4,22.3272619047619,21.5908563988095,2.91039144008814
"158","13","PZ","Daphnia",1.003,4,22.3272619047619,21.5908563988095,2.91039144008814
"159","13","PZ","Daphnia",0.765,4,22.3272619047619,21.5908563988095,2.91039144008814
"160","13","PZ","Daphnia",0.561,4,22.3272619047619,21.5908563988095,2.91039144008814
"161","13","PZ","Daphnia",0.646,4,22.3272619047619,21.5908563988095,2.91039144008814
"162","13","PZ","Daphnia",0.68,4,22.3272619047619,21.5908563988095,2.91039144008814
"163","13","PZ","Daphnia",0.561,4,22.3272619047619,21.5908563988095,2.91039144008814
"164","13","PZ","Daphnia",0.68,4,22.3272619047619,21.5908563988095,2.91039144008814
"165","13","PZ","Daphnia",0.748,4,22.3272619047619,21.5908563988095,2.91039144008814
"166","13","PZ","Daphnia",0.85,4,22.3272619047619,21.5908563988095,2.91039144008814
"167","13","PZ","Daphnia",0.697,4,22.3272619047619,21.5908563988095,2.91039144008814
"168","13","PZ","Daphnia",0.527,4,22.3272619047619,21.5908563988095,2.91039144008814
"169","13","PZ","Daphnia",0.799,4,22.3272619047619,21.5908563988095,2.91039144008814
"170","13","PZ","Daphnia",1.36,4,22.3272619047619,21.5908563988095,2.91039144008814
"171","13","PZ","Daphnia",0.595,4,22.3272619047619,21.5908563988095,2.91039144008814
"172","13","PZ","Daphnia",1.19,4,22.3272619047619,21.5908563988095,2.91039144008814
"173","13","PZ","Daphnia",0.68,4,22.3272619047619,21.5908563988095,2.91039144008814
"174","13","PZ","Daphnia",0.697,4,22.3272619047619,21.5908563988095,2.91039144008814
"175","13","PZ","Daphnia",0.765,4,22.3272619047619,21.5908563988095,2.91039144008814
"176","13","PZ","Daphnia",0.901,4,22.3272619047619,21.5908563988095,2.91039144008814
"177","13","PZ","Daphnia",0.629,4,22.3272619047619,21.5908563988095,2.91039144008814
"178","13","PZ","Daphnia",0.748,4,22.3272619047619,21.5908563988095,2.91039144008814
"179","13","PZ","Daphnia",0.68,4,22.3272619047619,21.5908563988095,2.91039144008814
"180","13","PZ","Daphnia",0.68,4,22.3272619047619,21.5908563988095,2.91039144008814
"181","13","PZ","Daphnia",1.326,4,22.3272619047619,21.5908563988095,2.91039144008814
"182","13","PZ","Daphnia",0.612,4,22.3272619047619,21.5908563988095,2.91039144008814
"183","13","PZ","Daphnia",0.816,4,22.3272619047619,21.5908563988095,2.91039144008814
"184","13","PZ","Daphnia",0.986,4,22.3272619047619,21.5908563988095,2.91039144008814
"185","13","PZ","Daphnia",0.748,4,22.3272619047619,21.5908563988095,2.91039144008814
"186","13","PZ","Daphnia",0.544,4,22.3272619047619,21.5908563988095,2.91039144008814
"187","13","PZ","Daphnia",0.68,4,22.3272619047619,21.5908563988095,2.91039144008814
"188","13","PZ","Daphnia",1.428,4,22.3272619047619,21.5908563988095,2.91039144008814
"189","13","PZ","Daphnia",0.765,4,22.3272619047619,21.5908563988095,2.91039144008814
"190","13","PZ","Daphnia",0.85,4,22.3272619047619,21.5908563988095,2.91039144008814
"191","13","PZ","Daphnia",0.765,4,22.3272619047619,21.5908563988095,2.91039144008814
"192","13","PZ","Daphnia",0.901,4,22.3272619047619,21.5908563988095,2.91039144008814
"193","13","PZ","Daphnia",0.901,4,22.3272619047619,21.5908563988095,2.91039144008814
"194","13","PZ","Daphnia",0.595,4,22.3272619047619,21.5908563988095,2.91039144008814
"195","13","PZ","Daphnia",0.68,4,22.3272619047619,21.5908563988095,2.91039144008814
"196","13","PZ","cyclopoid",0.51,8,18.6798511904762,21.5908563988095,2.91039144008814
"197","13","PZ","cyclopoid",0.459,8,18.6798511904762,21.5908563988095,2.91039144008814
"198","13","PZ","cyclopoid",0.425,9,18.4545238095238,21.5908563988095,2.91039144008814
"199","16","PZN","cyclopoid",0.51,8,17.0145595238095,20.1622879464286,3.47573326338724
"200","16","PZN","cyclopoid",0.561,9,16.5610654761905,20.1622879464286,3.47573326338724
"201","18","PZN","cyclopoid",0.561,6,24.5982916666667,24.8652879464286,3.47573326338724
"202","18","PZN","cyclopoid",0.476,6,24.5982916666667,24.8652879464286,3.47573326338724
"203","18","PZN","cyclopoid",0.544,8,21.7175595238095,24.8652879464286,3.47573326338724
"204","18","PZN","cyclopoid",0.612,8,21.7175595238095,24.8652879464286,3.47573326338724
"205","18","PZN","cyclopoid",0.544,8,21.7175595238095,24.8652879464286,3.47573326338724
"206","18","PZN","cyclopoid",0.663,8,21.7175595238095,24.8652879464286,3.47573326338724
"207","18","PZN","cyclopoid",0.527,8,21.7175595238095,24.8652879464286,3.47573326338724
"208","18","PZN","cyclopoid",0.595,8,21.7175595238095,24.8652879464286,3.47573326338724
"209","18","PZN","cyclopoid",0.544,8,21.7175595238095,24.8652879464286,3.47573326338724
"210","18","PZN","cyclopoid",0.646,8,21.7175595238095,24.8652879464286,3.47573326338724
"211","18","PZN","cyclopoid",0.595,8,21.7175595238095,24.8652879464286,3.47573326338724
"212","18","PZN","cyclopoid",0.51,8,21.7175595238095,24.8652879464286,3.47573326338724
"213","18","PZN","cyclopoid",0.51,8,21.7175595238095,24.8652879464286,3.47573326338724
"214","18","PZN","cyclopoid",0.629,8,21.7175595238095,24.8652879464286,3.47573326338724
"215","18","PZN","cyclopoid",0.51,8,21.7175595238095,24.8652879464286,3.47573326338724
"216","18","PZN","cyclopoid",0.476,8,21.7175595238095,24.8652879464286,3.47573326338724
"217","18","PZN","cyclopoid",0.561,8,21.7175595238095,24.8652879464286,3.47573326338724
"218","18","PZN","cyclopoid",0.612,8,21.7175595238095,24.8652879464286,3.47573326338724
"219","18","PZN","cyclopoid",0.391,8,21.7175595238095,24.8652879464286,3.47573326338724
"220","18","PZN","cyclopoid",0.51,8,21.7175595238095,24.8652879464286,3.47573326338724
"221","18","PZN","cyclopoid",0.578,8,21.7175595238095,24.8652879464286,3.47573326338724
"222","18","PZN","cyclopoid",0.612,8,21.7175595238095,24.8652879464286,3.47573326338724
"223","18","PZN","cyclopoid",0.391,8,21.7175595238095,24.8652879464286,3.47573326338724
"224","18","PZN","cyclopoid",0.544,8,21.7175595238095,24.8652879464286,3.47573326338724
"225","18","PZN","Daphnia",0.442,8,21.7175595238095,24.8652879464286,3.47573326338724
"226","18","PZN","Daphnia",0.544,8,21.7175595238095,24.8652879464286,3.47573326338724
"227","18","PZN","cyclopoid",0.527,9,21.2640654761905,24.8652879464286,3.47573326338724
"228","18","PZN","cyclopoid",0.578,9,21.2640654761905,24.8652879464286,3.47573326338724
"229","18","PZN","cyclopoid",0.578,9,21.2640654761905,24.8652879464286,3.47573326338724
"230","18","PZN","cyclopoid",0.51,9,21.2640654761905,24.8652879464286,3.47573326338724
"231","18","PZN","cyclopoid",0.561,9,21.2640654761905,24.8652879464286,3.47573326338724
"232","18","PZN","Daphnia",0.816,9,21.2640654761905,24.8652879464286,3.47573326338724
"233","18","PZN","Daphnia",0.561,9,21.2640654761905,24.8652879464286,3.47573326338724
"234","18","PZN","Daphnia",0.425,9,21.2640654761905,24.8652879464286,3.47573326338724
"235","18","PZN","Daphnia",0.629,9,21.2640654761905,24.8652879464286,3.47573326338724
"236","18","PZN","Daphnia",0.51,9,21.2640654761905,24.8652879464286,3.47573326338724
"237","18","PZN","Daphnia",0.476,9,21.2640654761905,24.8652879464286,3.47573326338724
"238","18","PZN","Daphnia",1.071,9,21.2640654761905,24.8652879464286,3.47573326338724
"239","19","PZ","cyclopoid",0.561,4,21.5412619047619,20.8048563988095,2.91039144008814
"240","19","PZ","Daphnia",0.51,4,21.5412619047619,20.8048563988095,2.91039144008814
"241","19","PZ","Daphnia",1.53,4,21.5412619047619,20.8048563988095,2.91039144008814
"242","19","PZ","Daphnia",0.646,4,21.5412619047619,20.8048563988095,2.91039144008814
"243","19","PZ","Daphnia",0.629,4,21.5412619047619,20.8048563988095,2.91039144008814
"244","19","PZ","Daphnia",0.714,4,21.5412619047619,20.8048563988095,2.91039144008814
"245","19","PZ","Daphnia",0.935,4,21.5412619047619,20.8048563988095,2.91039144008814
"246","19","PZ","cyclopoid",0.527,5,22.1437976190476,20.8048563988095,2.91039144008814
"247","19","PZ","cyclopoid",0.629,5,22.1437976190476,20.8048563988095,2.91039144008814
"248","19","PZ","cyclopoid",0.374,5,22.1437976190476,20.8048563988095,2.91039144008814
"249","19","PZ","cyclopoid",0.765,6,20.9742023809524,20.8048563988095,2.91039144008814
"250","19","PZ","Daphnia",0.85,6,20.9742023809524,20.8048563988095,2.91039144008814
"251","19","PZ","Daphnia",0.765,6,20.9742023809524,20.8048563988095,2.91039144008814
"252","19","PZ","Daphnia",0.714,6,20.9742023809524,20.8048563988095,2.91039144008814
"253","19","PZ","Daphnia",0.697,6,20.9742023809524,20.8048563988095,2.91039144008814
"254","19","PZ","Daphnia",0.748,6,20.9742023809524,20.8048563988095,2.91039144008814
"255","19","PZ","Daphnia",0.663,6,20.9742023809524,20.8048563988095,2.91039144008814
"256","19","PZ","Daphnia",0.85,6,20.9742023809524,20.8048563988095,2.91039144008814
"257","19","PZ","Daphnia",0.782,6,20.9742023809524,20.8048563988095,2.91039144008814
"258","19","PZ","Daphnia",0.833,6,20.9742023809524,20.8048563988095,2.91039144008814
"259","19","PZ","Daphnia",0.884,6,20.9742023809524,20.8048563988095,2.91039144008814
"260","19","PZ","Daphnia",0.799,6,20.9742023809524,20.8048563988095,2.91039144008814
"261","19","PZ","Daphnia",0.612,6,20.9742023809524,20.8048563988095,2.91039144008814
"262","19","PZ","Daphnia",0.986,6,20.9742023809524,20.8048563988095,2.91039144008814
"263","19","PZ","Daphnia",0.901,6,20.9742023809524,20.8048563988095,2.91039144008814
"264","19","PZ","Daphnia",0.833,6,20.9742023809524,20.8048563988095,2.91039144008814
"265","19","PZ","Daphnia",0.612,6,20.9742023809524,20.8048563988095,2.91039144008814
"266","19","PZ","Daphnia",0.561,6,20.9742023809524,20.8048563988095,2.91039144008814
"267","19","PZ","Daphnia",0.612,6,20.9742023809524,20.8048563988095,2.91039144008814
"268","19","PZ","Daphnia",0.816,6,20.9742023809524,20.8048563988095,2.91039144008814
"269","19","PZ","Daphnia",0.595,6,20.9742023809524,20.8048563988095,2.91039144008814
"270","19","PZ","Daphnia",1.19,6,20.9742023809524,20.8048563988095,2.91039144008814
"271","19","PZ","Daphnia",0.663,6,20.9742023809524,20.8048563988095,2.91039144008814
"272","19","PZ","Daphnia",0.799,7,18.3079642857143,20.8048563988095,2.91039144008814
"273","19","PZ","Daphnia",0.578,7,18.3079642857143,20.8048563988095,2.91039144008814
"274","19","PZ","cyclopoid",0.595,8,17.8938511904762,20.8048563988095,2.91039144008814
"275","19","PZ","cyclopoid",0.476,8,17.8938511904762,20.8048563988095,2.91039144008814
"276","19","PZ","cyclopoid",0.544,8,17.8938511904762,20.8048563988095,2.91039144008814
"277","19","PZ","cyclopoid",0.51,8,17.8938511904762,20.8048563988095,2.91039144008814
"278","19","PZ","cyclopoid",0.561,8,17.8938511904762,20.8048563988095,2.91039144008814
"279","19","PZ","cyclopoid",0.459,8,17.8938511904762,20.8048563988095,2.91039144008814
"280","19","PZ","cyclopoid",0.612,8,17.8938511904762,20.8048563988095,2.91039144008814
"281","19","PZ","cyclopoid",0.51,8,17.8938511904762,20.8048563988095,2.91039144008814
"282","19","PZ","cyclopoid",0.561,8,17.8938511904762,20.8048563988095,2.91039144008814
"283","19","PZ","cyclopoid",0.544,8,17.8938511904762,20.8048563988095,2.91039144008814
"284","19","PZ","cyclopoid",0.493,8,17.8938511904762,20.8048563988095,2.91039144008814
"285","19","PZ","cyclopoid",0.595,8,17.8938511904762,20.8048563988095,2.91039144008814
"286","19","PZ","cyclopoid",0.595,8,17.8938511904762,20.8048563988095,2.91039144008814
"287","19","PZ","cyclopoid",0.493,8,17.8938511904762,20.8048563988095,2.91039144008814
"288","19","PZ","cyclopoid",0.527,8,17.8938511904762,20.8048563988095,2.91039144008814
"289","19","PZ","cyclopoid",0.527,8,17.8938511904762,20.8048563988095,2.91039144008814
"290","19","PZ","cyclopoid",0.612,8,17.8938511904762,20.8048563988095,2.91039144008814
"291","19","PZ","cyclopoid",0.595,8,17.8938511904762,20.8048563988095,2.91039144008814
"292","19","PZ","cyclopoid",0.612,8,17.8938511904762,20.8048563988095,2.91039144008814
"293","19","PZ","cyclopoid",0.595,8,17.8938511904762,20.8048563988095,2.91039144008814
"294","19","PZ","cyclopoid",0.578,8,17.8938511904762,20.8048563988095,2.91039144008814
"295","19","PZ","cyclopoid",0.646,8,17.8938511904762,20.8048563988095,2.91039144008814
"296","19","PZ","cyclopoid",0.663,8,17.8938511904762,20.8048563988095,2.91039144008814
"297","19","PZ","Daphnia",1.377,8,17.8938511904762,20.8048563988095,2.91039144008814
"298","19","PZ","Daphnia",1.292,8,17.8938511904762,20.8048563988095,2.91039144008814
"299","19","PZ","Daphnia",1.428,8,17.8938511904762,20.8048563988095,2.91039144008814
"300","19","PZ","Daphnia",0.986,8,17.8938511904762,20.8048563988095,2.91039144008814
"301","19","PZ","Daphnia",1.36,8,17.8938511904762,20.8048563988095,2.91039144008814
"302","19","PZ","Daphnia",0.68,8,17.8938511904762,20.8048563988095,2.91039144008814
"303","19","PZ","Daphnia",0.646,8,17.8938511904762,20.8048563988095,2.91039144008814
"304","19","PZ","Daphnia",0.901,8,17.8938511904762,20.8048563988095,2.91039144008814
"305","19","PZ","Daphnia",1.105,8,17.8938511904762,20.8048563988095,2.91039144008814
"306","19","PZ","Daphnia",0.986,8,17.8938511904762,20.8048563988095,2.91039144008814
"307","19","PZ","Daphnia",1.292,8,17.8938511904762,20.8048563988095,2.91039144008814
"308","19","PZ","Daphnia",0.714,8,17.8938511904762,20.8048563988095,2.91039144008814
"309","19","PZ","Daphnia",0.748,8,17.8938511904762,20.8048563988095,2.91039144008814
"310","19","PZ","Daphnia",0.816,8,17.8938511904762,20.8048563988095,2.91039144008814
"311","19","PZ","Daphnia",0.663,8,17.8938511904762,20.8048563988095,2.91039144008814
"312","19","PZ","Daphnia",0.901,8,17.8938511904762,20.8048563988095,2.91039144008814
"313","19","PZ","Daphnia",0.833,8,17.8938511904762,20.8048563988095,2.91039144008814
"314","19","PZ","Daphnia",1.326,8,17.8938511904762,20.8048563988095,2.91039144008814
"315","19","PZ","Daphnia",1.326,8,17.8938511904762,20.8048563988095,2.91039144008814
"316","19","PZ","Daphnia",1.53,8,17.8938511904762,20.8048563988095,2.91039144008814
"317","19","PZ","Daphnia",1.513,8,17.8938511904762,20.8048563988095,2.91039144008814
"318","19","PZ","Daphnia",1.037,8,17.8938511904762,20.8048563988095,2.91039144008814
"319","19","PZ","Daphnia",1.037,8,17.8938511904762,20.8048563988095,2.91039144008814
"320","19","PZ","Daphnia",0.782,8,17.8938511904762,20.8048563988095,2.91039144008814
"321","19","PZ","Daphnia",0.68,8,17.8938511904762,20.8048563988095,2.91039144008814
"322","19","PZ","Daphnia",1.87,8,17.8938511904762,20.8048563988095,2.91039144008814
"323","19","PZ","Daphnia",1.598,8,17.8938511904762,20.8048563988095,2.91039144008814
"324","19","PZ","Daphnia",0.833,8,17.8938511904762,20.8048563988095,2.91039144008814
"325","19","PZ","Daphnia",0.85,8,17.8938511904762,20.8048563988095,2.91039144008814
"326","19","PZ","Daphnia",0.901,8,17.8938511904762,20.8048563988095,2.91039144008814
"327","19","PZ","Daphnia",0.595,8,17.8938511904762,20.8048563988095,2.91039144008814
"328","19","PZ","Daphnia",1.581,8,17.8938511904762,20.8048563988095,2.91039144008814
"329","19","PZ","Daphnia",1.292,8,17.8938511904762,20.8048563988095,2.91039144008814
"330","19","PZ","Daphnia",1.53,8,17.8938511904762,20.8048563988095,2.91039144008814
"331","19","PZ","cyclopoid",0.493,9,17.6685238095238,20.8048563988095,2.91039144008814
"332","19","PZ","cyclopoid",0.646,9,17.6685238095238,20.8048563988095,2.91039144008814
"333","19","PZ","cyclopoid",0.595,9,17.6685238095238,20.8048563988095,2.91039144008814
"334","19","PZ","cyclopoid",0.459,9,17.6685238095238,20.8048563988095,2.91039144008814
"335","19","PZ","cyclopoid",0.408,9,17.6685238095238,20.8048563988095,2.91039144008814
"336","19","PZ","cyclopoid",0.476,9,17.6685238095238,20.8048563988095,2.91039144008814
"337","19","PZ","cyclopoid",0.799,9,17.6685238095238,20.8048563988095,2.91039144008814
"338","20","PZ","cyclopoid",0.544,4,23.8232619047619,23.0868563988095,2.91039144008814
"339","20","PZ","cyclopoid",0.561,4,23.8232619047619,23.0868563988095,2.91039144008814
"340","20","PZ","cyclopoid",0.561,4,23.8232619047619,23.0868563988095,2.91039144008814
"341","20","PZ","Daphnia",0.527,4,23.8232619047619,23.0868563988095,2.91039144008814
"342","20","PZ","cyclopoid",0.357,5,24.4257976190476,23.0868563988095,2.91039144008814
"343","20","PZ","cyclopoid",0.425,5,24.4257976190476,23.0868563988095,2.91039144008814
"344","20","PZ","cyclopoid",0.408,5,24.4257976190476,23.0868563988095,2.91039144008814
"345","20","PZ","cyclopoid",0.374,5,24.4257976190476,23.0868563988095,2.91039144008814
"346","20","PZ","cyclopoid",0.493,5,24.4257976190476,23.0868563988095,2.91039144008814
"347","20","PZ","cyclopoid",0.442,5,24.4257976190476,23.0868563988095,2.91039144008814
"348","20","PZ","cyclopoid",0.425,5,24.4257976190476,23.0868563988095,2.91039144008814
"349","20","PZ","cyclopoid",0.51,6,23.2562023809524,23.0868563988095,2.91039144008814
"350","20","PZ","cyclopoid",0.595,6,23.2562023809524,23.0868563988095,2.91039144008814
"351","20","PZ","cyclopoid",0.51,6,23.2562023809524,23.0868563988095,2.91039144008814
"352","20","PZ","cyclopoid",0.493,6,23.2562023809524,23.0868563988095,2.91039144008814
"353","20","PZ","cyclopoid",0.561,6,23.2562023809524,23.0868563988095,2.91039144008814
"354","20","PZ","cyclopoid",0.578,6,23.2562023809524,23.0868563988095,2.91039144008814
"355","20","PZ","cyclopoid",0.663,6,23.2562023809524,23.0868563988095,2.91039144008814
"356","20","PZ","cyclopoid",0.391,6,23.2562023809524,23.0868563988095,2.91039144008814
"357","20","PZ","Daphnia",0.816,6,23.2562023809524,23.0868563988095,2.91039144008814
"358","20","PZ","calanoid",0.595,7,20.5899642857143,23.0868563988095,2.91039144008814
"359","20","PZ","calanoid",0.476,7,20.5899642857143,23.0868563988095,2.91039144008814
"360","20","PZ","cyclopoid",0.595,7,20.5899642857143,23.0868563988095,2.91039144008814
"361","20","PZ","cyclopoid",0.51,7,20.5899642857143,23.0868563988095,2.91039144008814
"362","20","PZ","cyclopoid",0.374,9,19.9505238095238,23.0868563988095,2.91039144008814
"363","21","PZ","Daphnia",1.36,4,20.3042619047619,19.5678563988095,2.91039144008814
"364","21","PZ","Daphnia",1.275,4,20.3042619047619,19.5678563988095,2.91039144008814
"365","21","PZ","cyclopoid",0.374,5,20.9067976190476,19.5678563988095,2.91039144008814
"366","21","PZ","cyclopoid",0.374,5,20.9067976190476,19.5678563988095,2.91039144008814
"367","21","PZ","cyclopoid",0.374,5,20.9067976190476,19.5678563988095,2.91039144008814
"368","21","PZ","cyclopoid",0.391,5,20.9067976190476,19.5678563988095,2.91039144008814
"369","21","PZ","cyclopoid",0.357,5,20.9067976190476,19.5678563988095,2.91039144008814
"370","21","PZ","cyclopoid",0.493,5,20.9067976190476,19.5678563988095,2.91039144008814
"371","21","PZ","Daphnia",0.833,5,20.9067976190476,19.5678563988095,2.91039144008814
"372","21","PZ","Daphnia",0.595,5,20.9067976190476,19.5678563988095,2.91039144008814
"373","21","PZ","Daphnia",0.901,5,20.9067976190476,19.5678563988095,2.91039144008814
"374","21","PZ","Daphnia",0.629,5,20.9067976190476,19.5678563988095,2.91039144008814
"375","21","PZ","Daphnia",0.85,5,20.9067976190476,19.5678563988095,2.91039144008814
"376","21","PZ","Daphnia",0.782,5,20.9067976190476,19.5678563988095,2.91039144008814
"377","21","PZ","Bosmina",1.53,6,19.7372023809524,19.5678563988095,2.91039144008814
"378","21","PZ","cyclopoid",0.527,6,19.7372023809524,19.5678563988095,2.91039144008814
"379","21","PZ","cyclopoid",0.544,6,19.7372023809524,19.5678563988095,2.91039144008814
"380","21","PZ","Daphnia",0.935,6,19.7372023809524,19.5678563988095,2.91039144008814
"381","21","PZ","Daphnia",0.986,6,19.7372023809524,19.5678563988095,2.91039144008814
"382","21","PZ","Daphnia",0.697,7,17.0709642857143,19.5678563988095,2.91039144008814
"383","21","PZ","Daphnia",0.816,7,17.0709642857143,19.5678563988095,2.91039144008814
"384","21","PZ","Daphnia",0.952,7,17.0709642857143,19.5678563988095,2.91039144008814
"385","21","PZ","Daphnia",1.054,7,17.0709642857143,19.5678563988095,2.91039144008814
"386","21","PZ","calanoid",1.326,8,16.6568511904762,19.5678563988095,2.91039144008814
"387","21","PZ","calanoid",0.34,8,16.6568511904762,19.5678563988095,2.91039144008814
"388","21","PZ","cyclopoid",0.493,8,16.6568511904762,19.5678563988095,2.91039144008814
"389","21","PZ","cyclopoid",0.408,8,16.6568511904762,19.5678563988095,2.91039144008814
"390","21","PZ","cyclopoid",0.697,8,16.6568511904762,19.5678563988095,2.91039144008814
"391","21","PZ","cyclopoid",0.561,8,16.6568511904762,19.5678563988095,2.91039144008814
"392","21","PZ","cyclopoid",1.326,8,16.6568511904762,19.5678563988095,2.91039144008814
"393","21","PZ","cyclopoid",0.544,8,16.6568511904762,19.5678563988095,2.91039144008814
"394","21","PZ","cyclopoid",0.527,8,16.6568511904762,19.5678563988095,2.91039144008814
"395","21","PZ","cyclopoid",0.578,8,16.6568511904762,19.5678563988095,2.91039144008814
"396","21","PZ","cyclopoid",0.476,8,16.6568511904762,19.5678563988095,2.91039144008814
"397","21","PZ","cyclopoid",0.527,8,16.6568511904762,19.5678563988095,2.91039144008814
"398","21","PZ","cyclopoid",0.595,8,16.6568511904762,19.5678563988095,2.91039144008814
"399","21","PZ","cyclopoid",0.561,8,16.6568511904762,19.5678563988095,2.91039144008814
"400","21","PZ","cyclopoid",0.425,8,16.6568511904762,19.5678563988095,2.91039144008814
"401","21","PZ","cyclopoid",0.544,8,16.6568511904762,19.5678563988095,2.91039144008814
"402","21","PZ","Daphnia",0.782,8,16.6568511904762,19.5678563988095,2.91039144008814
"403","21","PZ","Daphnia",0.68,8,16.6568511904762,19.5678563988095,2.91039144008814
"404","21","PZ","Daphnia",1.156,8,16.6568511904762,19.5678563988095,2.91039144008814
"405","21","PZ","Daphnia",1.003,8,16.6568511904762,19.5678563988095,2.91039144008814
"406","21","PZ","Daphnia",0.476,8,16.6568511904762,19.5678563988095,2.91039144008814
"407","21","PZ","Daphnia",0.561,8,16.6568511904762,19.5678563988095,2.91039144008814
"408","21","PZ","Daphnia",1.615,8,16.6568511904762,19.5678563988095,2.91039144008814
"409","21","PZ","Daphnia",1.054,8,16.6568511904762,19.5678563988095,2.91039144008814
"410","21","PZ","Daphnia",1.938,8,16.6568511904762,19.5678563988095,2.91039144008814
"411","21","PZ","Daphnia",1.751,8,16.6568511904762,19.5678563988095,2.91039144008814
"412","21","PZ","Daphnia",0.918,8,16.6568511904762,19.5678563988095,2.91039144008814
"413","21","PZ","Daphnia",0.867,8,16.6568511904762,19.5678563988095,2.91039144008814
"414","21","PZ","Daphnia",1.632,8,16.6568511904762,19.5678563988095,2.91039144008814
"415","21","PZ","Daphnia",1.105,8,16.6568511904762,19.5678563988095,2.91039144008814
"416","21","PZ","Daphnia",1.462,8,16.6568511904762,19.5678563988095,2.91039144008814
"417","21","PZ","Daphnia",1.377,8,16.6568511904762,19.5678563988095,2.91039144008814
"418","21","PZ","Daphnia",1.581,8,16.6568511904762,19.5678563988095,2.91039144008814
"419","21","PZ","Daphnia",0.476,8,16.6568511904762,19.5678563988095,2.91039144008814
"420","21","PZ","Daphnia",0.918,8,16.6568511904762,19.5678563988095,2.91039144008814
"421","21","PZ","Daphnia",0.816,8,16.6568511904762,19.5678563988095,2.91039144008814
"422","21","PZ","Daphnia",0.816,8,16.6568511904762,19.5678563988095,2.91039144008814
"423","21","PZ","Daphnia",0.527,8,16.6568511904762,19.5678563988095,2.91039144008814
"424","21","PZ","Daphnia",0.765,8,16.6568511904762,19.5678563988095,2.91039144008814
"425","21","PZ","Daphnia",1.003,8,16.6568511904762,19.5678563988095,2.91039144008814
"426","21","PZ","Daphnia",0.85,8,16.6568511904762,19.5678563988095,2.91039144008814
"427","21","PZ","Daphnia",0.425,8,16.6568511904762,19.5678563988095,2.91039144008814
"428","21","PZ","Daphnia",1.19,8,16.6568511904762,19.5678563988095,2.91039144008814
"429","21","PZ","Daphnia",0.663,8,16.6568511904762,19.5678563988095,2.91039144008814
"430","21","PZ","Daphnia",0.782,8,16.6568511904762,19.5678563988095,2.91039144008814
"431","21","PZ","Daphnia",1.445,8,16.6568511904762,19.5678563988095,2.91039144008814
"432","21","PZ","Daphnia",1.581,8,16.6568511904762,19.5678563988095,2.91039144008814
"433","21","PZ","Daphnia",1.088,8,16.6568511904762,19.5678563988095,2.91039144008814
"434","22","PZ","cyclopoid",0.425,5,23.8297976190476,22.4908563988095,2.91039144008814
"435","22","PZ","cyclopoid",0.476,5,23.8297976190476,22.4908563988095,2.91039144008814
"436","22","PZ","cyclopoid",0.51,5,23.8297976190476,22.4908563988095,2.91039144008814
"437","22","PZ","Daphnia",0.765,5,23.8297976190476,22.4908563988095,2.91039144008814
"438","22","PZ","cyclopoid",0.51,6,22.6602023809524,22.4908563988095,2.91039144008814
"439","22","PZ","Daphnia",0.697,6,22.6602023809524,22.4908563988095,2.91039144008814
"440","22","PZ","Daphnia",0.867,6,22.6602023809524,22.4908563988095,2.91039144008814
"441","22","PZ","Daphnia",0.68,6,22.6602023809524,22.4908563988095,2.91039144008814
"442","22","PZ","cyclopoid",0.595,7,19.9939642857143,22.4908563988095,2.91039144008814
"443","22","PZ","cyclopoid",0.578,7,19.9939642857143,22.4908563988095,2.91039144008814
"444","22","PZ","cyclopoid",0.595,7,19.9939642857143,22.4908563988095,2.91039144008814
"445","22","PZ","cyclopoid",0.51,7,19.9939642857143,22.4908563988095,2.91039144008814
"446","22","PZ","cyclopoid",0.425,7,19.9939642857143,22.4908563988095,2.91039144008814
"447","22","PZ","cyclopoid",0.561,8,19.5798511904762,22.4908563988095,2.91039144008814
"448","22","PZ","cyclopoid",0.459,8,19.5798511904762,22.4908563988095,2.91039144008814
"449","22","PZ","cyclopoid",0.595,8,19.5798511904762,22.4908563988095,2.91039144008814
"450","22","PZ","cyclopoid",0.68,8,19.5798511904762,22.4908563988095,2.91039144008814
"451","22","PZ","cyclopoid",0.68,8,19.5798511904762,22.4908563988095,2.91039144008814
"452","22","PZ","cyclopoid",0.561,8,19.5798511904762,22.4908563988095,2.91039144008814
"453","22","PZ","cyclopoid",0.493,8,19.5798511904762,22.4908563988095,2.91039144008814
"454","22","PZ","cyclopoid",0.544,8,19.5798511904762,22.4908563988095,2.91039144008814
"455","22","PZ","Daphnia",1.326,8,19.5798511904762,22.4908563988095,2.91039144008814
"456","22","PZ","Daphnia",0.816,8,19.5798511904762,22.4908563988095,2.91039144008814
"457","22","PZ","Daphnia",0.595,8,19.5798511904762,22.4908563988095,2.91039144008814
"458","22","PZ","Daphnia",0.986,8,19.5798511904762,22.4908563988095,2.91039144008814
"459","22","PZ","Daphnia",0.527,8,19.5798511904762,22.4908563988095,2.91039144008814
"460","22","PZ","Daphnia",1.105,8,19.5798511904762,22.4908563988095,2.91039144008814
"461","22","PZ","Daphnia",0.646,8,19.5798511904762,22.4908563988095,2.91039144008814
"462","22","PZ","Daphnia",0.646,8,19.5798511904762,22.4908563988095,2.91039144008814
"463","22","PZ","Daphnia",1.462,8,19.5798511904762,22.4908563988095,2.91039144008814
"464","22","PZ","Daphnia",0.697,8,19.5798511904762,22.4908563988095,2.91039144008814
"465","22","PZ","Daphnia",0.765,8,19.5798511904762,22.4908563988095,2.91039144008814
"466","22","PZ","Daphnia",1.19,8,19.5798511904762,22.4908563988095,2.91039144008814
"467","22","PZ","Daphnia",0.663,8,19.5798511904762,22.4908563988095,2.91039144008814
"468","22","PZ","Daphnia",0.663,8,19.5798511904762,22.4908563988095,2.91039144008814
"469","22","PZ","Daphnia",1.241,8,19.5798511904762,22.4908563988095,2.91039144008814
"470","22","PZ","Daphnia",0.68,8,19.5798511904762,22.4908563988095,2.91039144008814
"471","22","PZ","Daphnia",0.68,8,19.5798511904762,22.4908563988095,2.91039144008814
"472","23","PZN","cyclopoid",0.493,4,24.51775,24.0122879464286,3.47573326338724
"473","23","PZN","calanoid",0.901,8,20.8645595238095,24.0122879464286,3.47573326338724
"474","23","PZN","cyclopoid",0.476,8,20.8645595238095,24.0122879464286,3.47573326338724
"475","23","PZN","cyclopoid",0.612,8,20.8645595238095,24.0122879464286,3.47573326338724
"476","23","PZN","cyclopoid",0.595,8,20.8645595238095,24.0122879464286,3.47573326338724
"477","23","PZN","cyclopoid",0.629,8,20.8645595238095,24.0122879464286,3.47573326338724
"478","23","PZN","cyclopoid",0.68,8,20.8645595238095,24.0122879464286,3.47573326338724
"479","23","PZN","cyclopoid",0.493,8,20.8645595238095,24.0122879464286,3.47573326338724
"480","23","PZN","cyclopoid",0.595,8,20.8645595238095,24.0122879464286,3.47573326338724
"481","23","PZN","cyclopoid",0.578,8,20.8645595238095,24.0122879464286,3.47573326338724
"482","23","PZN","cyclopoid",0.544,8,20.8645595238095,24.0122879464286,3.47573326338724
"483","23","PZN","cyclopoid",0.544,8,20.8645595238095,24.0122879464286,3.47573326338724
"484","23","PZN","cyclopoid",0.595,8,20.8645595238095,24.0122879464286,3.47573326338724
"485","23","PZN","cyclopoid",0.476,8,20.8645595238095,24.0122879464286,3.47573326338724
"486","23","PZN","cyclopoid",0.544,8,20.8645595238095,24.0122879464286,3.47573326338724
"487","23","PZN","cyclopoid",0.578,8,20.8645595238095,24.0122879464286,3.47573326338724
"488","23","PZN","cyclopoid",0.612,8,20.8645595238095,24.0122879464286,3.47573326338724
"489","23","PZN","cyclopoid",0.476,8,20.8645595238095,24.0122879464286,3.47573326338724
"490","23","PZN","cyclopoid",0.595,8,20.8645595238095,24.0122879464286,3.47573326338724
"491","23","PZN","cyclopoid",0.544,8,20.8645595238095,24.0122879464286,3.47573326338724
"492","23","PZN","cyclopoid",0.527,8,20.8645595238095,24.0122879464286,3.47573326338724
"493","23","PZN","Daphnia",1.275,8,20.8645595238095,24.0122879464286,3.47573326338724
"494","23","PZN","Daphnia",0.51,8,20.8645595238095,24.0122879464286,3.47573326338724
"495","23","PZN","Daphnia",0.612,8,20.8645595238095,24.0122879464286,3.47573326338724
"496","23","PZN","Daphnia",0.68,8,20.8645595238095,24.0122879464286,3.47573326338724
"497","23","PZN","Daphnia",0.459,8,20.8645595238095,24.0122879464286,3.47573326338724
"498","23","PZN","Daphnia",0.867,8,20.8645595238095,24.0122879464286,3.47573326338724
"499","23","PZN","Daphnia",0.629,8,20.8645595238095,24.0122879464286,3.47573326338724
"500","23","PZN","Daphnia",1.36,8,20.8645595238095,24.0122879464286,3.47573326338724
"501","23","PZN","Daphnia",0.408,8,20.8645595238095,24.0122879464286,3.47573326338724
"502","23","PZN","Daphnia",0.425,8,20.8645595238095,24.0122879464286,3.47573326338724
"503","23","PZN","Daphnia",1.071,8,20.8645595238095,24.0122879464286,3.47573326338724
"504","23","PZN","Daphnia",0.646,8,20.8645595238095,24.0122879464286,3.47573326338724
"505","23","PZN","Daphnia",0.595,8,20.8645595238095,24.0122879464286,3.47573326338724
"506","23","PZN","Daphnia",1.326,8,20.8645595238095,24.0122879464286,3.47573326338724
"507","23","PZN","Daphnia",1.19,8,20.8645595238095,24.0122879464286,3.47573326338724
"508","23","PZN","Daphnia",0.952,8,20.8645595238095,24.0122879464286,3.47573326338724
"509","23","PZN","Daphnia",1.343,8,20.8645595238095,24.0122879464286,3.47573326338724
"510","23","PZN","Daphnia",0.527,8,20.8645595238095,24.0122879464286,3.47573326338724
"511","23","PZN","Daphnia",0.884,8,20.8645595238095,24.0122879464286,3.47573326338724
"512","23","PZN","Daphnia",0.544,8,20.8645595238095,24.0122879464286,3.47573326338724
"513","23","PZN","Daphnia",0.918,8,20.8645595238095,24.0122879464286,3.47573326338724
"514","23","PZN","Daphnia",0.544,8,20.8645595238095,24.0122879464286,3.47573326338724
"515","23","PZN","Daphnia",1.513,8,20.8645595238095,24.0122879464286,3.47573326338724
"516","24","PZN","cyclopoid",0.493,4,20.97875,20.4732879464286,3.47573326338724
"517","24","PZN","cyclopoid",0.544,4,20.97875,20.4732879464286,3.47573326338724
"518","24","PZN","cyclopoid",0.51,4,20.97875,20.4732879464286,3.47573326338724
"519","24","PZN","cyclopoid",0.544,6,20.2062916666667,20.4732879464286,3.47573326338724
"520","24","PZN","cyclopoid",0.561,7,17.5624404761905,20.4732879464286,3.47573326338724
"521","24","PZN","calanoid",1.275,8,17.3255595238095,20.4732879464286,3.47573326338724
"522","24","PZN","calanoid",1.241,8,17.3255595238095,20.4732879464286,3.47573326338724
"523","24","PZN","calanoid",1.479,8,17.3255595238095,20.4732879464286,3.47573326338724
"524","24","PZN","cyclopoid",0.697,8,17.3255595238095,20.4732879464286,3.47573326338724
"525","24","PZN","cyclopoid",0.544,8,17.3255595238095,20.4732879464286,3.47573326338724
"526","24","PZN","cyclopoid",0.374,8,17.3255595238095,20.4732879464286,3.47573326338724
"527","24","PZN","cyclopoid",0.34,8,17.3255595238095,20.4732879464286,3.47573326338724
"528","24","PZN","cyclopoid",0.544,8,17.3255595238095,20.4732879464286,3.47573326338724
"529","24","PZN","cyclopoid",0.884,8,17.3255595238095,20.4732879464286,3.47573326338724
"530","24","PZN","cyclopoid",0.561,8,17.3255595238095,20.4732879464286,3.47573326338724
"531","24","PZN","cyclopoid",0.595,8,17.3255595238095,20.4732879464286,3.47573326338724
"532","24","PZN","cyclopoid",0.357,8,17.3255595238095,20.4732879464286,3.47573326338724
"533","24","PZN","cyclopoid",0.476,8,17.3255595238095,20.4732879464286,3.47573326338724
"534","24","PZN","cyclopoid",1.394,8,17.3255595238095,20.4732879464286,3.47573326338724
"535","24","PZN","cyclopoid",0.493,8,17.3255595238095,20.4732879464286,3.47573326338724
"536","24","PZN","cyclopoid",0.595,8,17.3255595238095,20.4732879464286,3.47573326338724
"537","24","PZN","cyclopoid",0.544,8,17.3255595238095,20.4732879464286,3.47573326338724
"538","24","PZN","cyclopoid",0.595,8,17.3255595238095,20.4732879464286,3.47573326338724
"539","24","PZN","cyclopoid",0.527,8,17.3255595238095,20.4732879464286,3.47573326338724
"540","24","PZN","cyclopoid",0.476,8,17.3255595238095,20.4732879464286,3.47573326338724
"541","24","PZN","cyclopoid",0.476,8,17.3255595238095,20.4732879464286,3.47573326338724
"542","24","PZN","Daphnia",0.765,8,17.3255595238095,20.4732879464286,3.47573326338724
"543","26","PZN","calanoid",0.374,7,18.2514404761905,21.1622879464286,3.47573326338724
"544","26","PZN","cyclopoid",0.442,7,18.2514404761905,21.1622879464286,3.47573326338724
"545","26","PZN","cyclopoid",0.357,7,18.2514404761905,21.1622879464286,3.47573326338724
"546","26","PZN","cyclopoid",0.34,8,18.0145595238095,21.1622879464286,3.47573326338724
"547","26","PZN","cyclopoid",0.595,8,18.0145595238095,21.1622879464286,3.47573326338724
"548","26","PZN","cyclopoid",0.697,8,18.0145595238095,21.1622879464286,3.47573326338724
"549","26","PZN","cyclopoid",0.68,8,18.0145595238095,21.1622879464286,3.47573326338724
"550","26","PZN","cyclopoid",0.748,8,18.0145595238095,21.1622879464286,3.47573326338724
"551","26","PZN","cyclopoid",0.544,8,18.0145595238095,21.1622879464286,3.47573326338724
"552","26","PZN","cyclopoid",0.459,8,18.0145595238095,21.1622879464286,3.47573326338724
"553","26","PZN","cyclopoid",0.544,8,18.0145595238095,21.1622879464286,3.47573326338724
"554","26","PZN","cyclopoid",0.51,8,18.0145595238095,21.1622879464286,3.47573326338724
"555","28","PZ","cyclopoid",0.51,4,20.1412619047619,19.4048563988095,2.91039144008814
"556","28","PZ","cyclopoid",0.714,4,20.1412619047619,19.4048563988095,2.91039144008814
"557","28","PZ","Daphnia",1.19,4,20.1412619047619,19.4048563988095,2.91039144008814
"558","28","PZ","cyclopoid",0.765,6,19.5742023809524,19.4048563988095,2.91039144008814
"559","28","PZ","Daphnia",0.85,6,19.5742023809524,19.4048563988095,2.91039144008814
"560","28","PZ","Daphnia",0.765,6,19.5742023809524,19.4048563988095,2.91039144008814
"561","28","PZ","Daphnia",0.714,6,19.5742023809524,19.4048563988095,2.91039144008814
"562","28","PZ","Daphnia",0.697,6,19.5742023809524,19.4048563988095,2.91039144008814
"563","28","PZ","Daphnia",0.748,6,19.5742023809524,19.4048563988095,2.91039144008814
"564","28","PZ","Daphnia",0.663,6,19.5742023809524,19.4048563988095,2.91039144008814
"565","28","PZ","Daphnia",0.85,6,19.5742023809524,19.4048563988095,2.91039144008814
"566","28","PZ","Daphnia",0.782,6,19.5742023809524,19.4048563988095,2.91039144008814
"567","28","PZ","Daphnia",0.833,6,19.5742023809524,19.4048563988095,2.91039144008814
"568","28","PZ","Daphnia",0.884,6,19.5742023809524,19.4048563988095,2.91039144008814
"569","28","PZ","Daphnia",0.799,6,19.5742023809524,19.4048563988095,2.91039144008814
"570","28","PZ","Daphnia",0.612,6,19.5742023809524,19.4048563988095,2.91039144008814
"571","28","PZ","Daphnia",0.986,6,19.5742023809524,19.4048563988095,2.91039144008814
"572","28","PZ","Daphnia",0.901,6,19.5742023809524,19.4048563988095,2.91039144008814
"573","28","PZ","Daphnia",0.833,6,19.5742023809524,19.4048563988095,2.91039144008814
"574","28","PZ","Daphnia",0.612,6,19.5742023809524,19.4048563988095,2.91039144008814
"575","28","PZ","Daphnia",0.561,6,19.5742023809524,19.4048563988095,2.91039144008814
"576","28","PZ","Daphnia",0.612,6,19.5742023809524,19.4048563988095,2.91039144008814
"577","28","PZ","Daphnia",0.816,6,19.5742023809524,19.4048563988095,2.91039144008814
"578","28","PZ","Daphnia",0.595,6,19.5742023809524,19.4048563988095,2.91039144008814
"579","28","PZ","Daphnia",1.19,6,19.5742023809524,19.4048563988095,2.91039144008814
"580","28","PZ","Daphnia",0.663,6,19.5742023809524,19.4048563988095,2.91039144008814
"581","28","PZ","calanoid",0.527,7,16.9079642857143,19.4048563988095,2.91039144008814
"582","28","PZ","Daphnia",0.646,7,16.9079642857143,19.4048563988095,2.91039144008814
"583","28","PZ","Daphnia",0.748,7,16.9079642857143,19.4048563988095,2.91039144008814
"584","28","PZ","Daphnia",0.714,7,16.9079642857143,19.4048563988095,2.91039144008814
"585","28","PZ","Daphnia",0.952,7,16.9079642857143,19.4048563988095,2.91039144008814
"586","28","PZ","Daphnia",0.765,7,16.9079642857143,19.4048563988095,2.91039144008814
"587","28","PZ","Daphnia",0.697,7,16.9079642857143,19.4048563988095,2.91039144008814
"588","28","PZ","Daphnia",0.901,7,16.9079642857143,19.4048563988095,2.91039144008814
"589","28","PZ","Daphnia",0.782,7,16.9079642857143,19.4048563988095,2.91039144008814
"590","28","PZ","Daphnia",0.714,7,16.9079642857143,19.4048563988095,2.91039144008814
"591","28","PZ","Daphnia",0.697,7,16.9079642857143,19.4048563988095,2.91039144008814
"592","28","PZ","cyclopoid",0.442,8,16.4938511904762,19.4048563988095,2.91039144008814
"593","28","PZ","cyclopoid",0.629,8,16.4938511904762,19.4048563988095,2.91039144008814
"594","28","PZ","cyclopoid",0.493,8,16.4938511904762,19.4048563988095,2.91039144008814
"595","28","PZ","cyclopoid",0.459,8,16.4938511904762,19.4048563988095,2.91039144008814
"596","28","PZ","cyclopoid",0.697,8,16.4938511904762,19.4048563988095,2.91039144008814
"597","28","PZ","cyclopoid",0.612,8,16.4938511904762,19.4048563988095,2.91039144008814
"598","28","PZ","cyclopoid",0.612,8,16.4938511904762,19.4048563988095,2.91039144008814
"599","28","PZ","cyclopoid",0.561,8,16.4938511904762,19.4048563988095,2.91039144008814
"600","28","PZ","cyclopoid",0.561,8,16.4938511904762,19.4048563988095,2.91039144008814
"601","28","PZ","cyclopoid",0.612,8,16.4938511904762,19.4048563988095,2.91039144008814
"602","28","PZ","cyclopoid",0.68,8,16.4938511904762,19.4048563988095,2.91039144008814
"603","28","PZ","cyclopoid",0.544,8,16.4938511904762,19.4048563988095,2.91039144008814
"604","28","PZ","cyclopoid",0.527,8,16.4938511904762,19.4048563988095,2.91039144008814
"605","28","PZ","Daphnia",0.578,8,16.4938511904762,19.4048563988095,2.91039144008814
"606","28","PZ","Daphnia",1.921,8,16.4938511904762,19.4048563988095,2.91039144008814
"607","30","PZ","cyclopoid",0.595,4,26.3652619047619,25.6288563988095,2.91039144008814
"608","30","PZ","Daphnia",0.357,4,26.3652619047619,25.6288563988095,2.91039144008814
"609","30","PZ","cyclopoid",0.476,6,25.7982023809524,25.6288563988095,2.91039144008814
"610","30","PZ","cyclopoid",0.629,6,25.7982023809524,25.6288563988095,2.91039144008814
"611","30","PZ","cyclopoid",0.425,7,23.1319642857143,25.6288563988095,2.91039144008814
"612","30","PZ","cyclopoid",0.612,7,23.1319642857143,25.6288563988095,2.91039144008814
"613","30","PZ","cyclopoid",0.476,8,22.7178511904762,25.6288563988095,2.91039144008814
"614","30","PZ","cyclopoid",0.714,8,22.7178511904762,25.6288563988095,2.91039144008814
"615","30","PZ","cyclopoid",0.646,8,22.7178511904762,25.6288563988095,2.91039144008814
"616","30","PZ","cyclopoid",0.527,8,22.7178511904762,25.6288563988095,2.91039144008814
"617","30","PZ","cyclopoid",0.646,8,22.7178511904762,25.6288563988095,2.91039144008814
"618","30","PZ","cyclopoid",0.544,8,22.7178511904762,25.6288563988095,2.91039144008814
"619","30","PZ","cyclopoid",0.544,8,22.7178511904762,25.6288563988095,2.91039144008814
"620","30","PZ","cyclopoid",0.816,8,22.7178511904762,25.6288563988095,2.91039144008814
"621","30","PZ","cyclopoid",0.663,8,22.7178511904762,25.6288563988095,2.91039144008814
"622","30","PZ","cyclopoid",0.68,8,22.7178511904762,25.6288563988095,2.91039144008814
"623","30","PZ","cyclopoid",0.51,8,22.7178511904762,25.6288563988095,2.91039144008814
"624","30","PZ","cyclopoid",0.51,8,22.7178511904762,25.6288563988095,2.91039144008814
"625","30","PZ","cyclopoid",0.663,8,22.7178511904762,25.6288563988095,2.91039144008814
"626","30","PZ","Daphnia",1.53,8,22.7178511904762,25.6288563988095,2.91039144008814
"627","30","PZ","Daphnia",0.935,8,22.7178511904762,25.6288563988095,2.91039144008814
"628","30","PZ","Daphnia",0.714,8,22.7178511904762,25.6288563988095,2.91039144008814
"629","30","PZ","Daphnia",0.714,8,22.7178511904762,25.6288563988095,2.91039144008814
"630","30","PZ","Daphnia",0.697,8,22.7178511904762,25.6288563988095,2.91039144008814
"631","30","PZ","Daphnia",1.564,8,22.7178511904762,25.6288563988095,2.91039144008814
"632","30","PZ","Daphnia",1.292,8,22.7178511904762,25.6288563988095,2.91039144008814
"633","30","PZ","Daphnia",1.615,8,22.7178511904762,25.6288563988095,2.91039144008814
"634","30","PZ","Daphnia",0.765,8,22.7178511904762,25.6288563988095,2.91039144008814
"635","30","PZ","Daphnia",1.19,8,22.7178511904762,25.6288563988095,2.91039144008814
"636","30","PZ","Daphnia",1.275,8,22.7178511904762,25.6288563988095,2.91039144008814
"637","30","PZ","Daphnia",0.884,8,22.7178511904762,25.6288563988095,2.91039144008814
"638","30","PZ","Daphnia",1.615,8,22.7178511904762,25.6288563988095,2.91039144008814
"639","30","PZ","Daphnia",1.156,8,22.7178511904762,25.6288563988095,2.91039144008814
"640","30","PZ","Daphnia",1.53,8,22.7178511904762,25.6288563988095,2.91039144008814
"641","30","PZ","Daphnia",1.003,8,22.7178511904762,25.6288563988095,2.91039144008814
